year|category|programme_or_output|page|budget_amount|currency|notes|source_file|revenue_type|amount_1|amount_2|amount_3|member_file|target_value|target_unit
2023|Local Revenue|Resource Mobilisation and Management|30.0||ZMW|Programme objective: increase and enhance resource mobilisation and optimisation.|chirundu_obb_2023.pdf.pdf|||||db-unza26-csc4792-chirundu_town_council_2023_extracted.csv||
2023|Local Revenue Output|Percentage of Local Revenue Target Achieved|30.0|||Programme output.|chirundu_obb_2023.pdf.pdf|||||db-unza26-csc4792-chirundu_town_council_2023_extracted.csv||
2023|Local Revenue Output|Automated Cash Collection Application Launched (Airtel)|30.0|||Programme output.|chirundu_obb_2023.pdf.pdf|||||db-unza26-csc4792-chirundu_town_council_2023_extracted.csv||
2023|Local Revenue Output|Compliance in Revenue Collection against Bankings|30.0|||Programme output.|chirundu_obb_2023.pdf.pdf|||||db-unza26-csc4792-chirundu_town_council_2023_extracted.csv||
2023|Local Revenue Output|Billing System (Dove) Procured|30.0|50000.0|ZMW|Narrative on page 31 states K0.05 million was allocated for the billing system.|chirundu_obb_2023.pdf.pdf|||||db-unza26-csc4792-chirundu_town_council_2023_extracted.csv||
2023|Local Revenue Output|Percentage of Revenue Increased|30.0|||Target: increase revenue by 10% from the previous year.|chirundu_obb_2023.pdf.pdf|||||db-unza26-csc4792-chirundu_town_council_2023_extracted.csv||
2023|Local Revenue|Resource Mobilisation and Management — total allocation|31.0|4500000.0|ZMW|Total programme allocation: K4.5 million.|chirundu_obb_2023.pdf.pdf|||||db-unza26-csc4792-chirundu_town_council_2023_extracted.csv||
2023|Local Revenue|Personal Emoluments for Revenue Mobilisation|31.0|3950000.0|ZMW|Narrative allocation: K3.95 million.|chirundu_obb_2023.pdf.pdf|||||db-unza26-csc4792-chirundu_town_council_2023_extracted.csv||
2023|Local Revenue|Evaluation Roll|31.0|500000.0|ZMW|Narrative allocation: K0.5 million.|chirundu_obb_2023.pdf.pdf|||||db-unza26-csc4792-chirundu_town_council_2023_extracted.csv||
2023|CDF|Number of CDF Projects Implemented|20.0|15.0||Council planned to fully implement 15 ongoing CDF projects.|chirundu_obb_2023.pdf.pdf|||||db-unza26-csc4792-chirundu_town_council_2023_extracted.csv||
2023|CDF|CDF Projects|20.0|||Capital projects for 2023 include a VIP latrine at M15 Checkpoint, an ablution block, and a dumpsite borehole.|chirundu_obb_2023.pdf.pdf|||||db-unza26-csc4792-chirundu_town_council_2023_extracted.csv||
2023|Programme Output|Number of WDF Projects Implemented|20.0|12.0||Narrative refers to 12 WDC projects; retain the document wording when reviewing.|chirundu_obb_2023.pdf.pdf|||||db-unza26-csc4792-chirundu_town_council_2023_extracted.csv||
2023|Programme Output|Market Fees Collected|20.0|||Council planned to accommodate 70 marketers to support increased market-fee collection.|chirundu_obb_2023.pdf.pdf|||||db-unza26-csc4792-chirundu_town_council_2023_extracted.csv||
2023|Programme Output|Roads Maintained|20.0|50.0|Kilometres|Planned maintenance of 50 kilometres of road.|chirundu_obb_2023.pdf.pdf|||||db-unza26-csc4792-chirundu_town_council_2023_extracted.csv||
2023|Programme Output|Public Amenities Maintained|20.0|20.0|Units|Planned maintenance of 20 public amenities.|chirundu_obb_2023.pdf.pdf|||||db-unza26-csc4792-chirundu_town_council_2023_extracted.csv||
2023|CDF|Constituency Development Programme|11.0|28300000.0|ZMW|Total allocation towards use of goods and services: K28.3 million.|chirundu_obb_2023.pdf.pdf|||||db-unza26-csc4792-chirundu_town_council_2023_extracted.csv||
2023|CDF|Community-Based Projects|11.0|16980000.0|ZMW|CDF allocation for community-based projects.|chirundu_obb_2023.pdf.pdf|||||db-unza26-csc4792-chirundu_town_council_2023_extracted.csv||
2023|CDF|Youth and Women Empowerment|11.0|5660000.0|ZMW|CDF allocation for youth and women empowerment.|chirundu_obb_2023.pdf.pdf|||||db-unza26-csc4792-chirundu_town_council_2023_extracted.csv||
2023|CDF|Secondary Boarding and Skills Development Bursaries|11.0|5660000.0|ZMW|CDF allocation for bursaries.|chirundu_obb_2023.pdf.pdf|||||db-unza26-csc4792-chirundu_town_council_2023_extracted.csv||
2023|Local Revenue|Residential|3.0|126064.0|ZMW|Column headings were not OCR-readable; values retained in source order. budget_amount set from 2023 budget column.|chirundu_obb_2023.pdf.pdf|Local Taxes/Rates|126064.0|136401.0|146359.0|db-unza26-csc4792-chirundu_town_council_2023_extracted.csv||
2023|Local Revenue|Industrial/Commercial|3.0|324666.0|ZMW|Column headings were not OCR-readable; values retained in source order. budget_amount set from 2023 budget column.|chirundu_obb_2023.pdf.pdf|Local Taxes/Rates|324666.0|351289.0|376933.0|db-unza26-csc4792-chirundu_town_council_2023_extracted.csv||
2023|Local Revenue|Personal levy|3.0|34350.0|ZMW|Column headings were not OCR-readable; values retained in source order. budget_amount set from 2023 budget column.|chirundu_obb_2023.pdf.pdf|Local Taxes/Rates|34350.0|37167.0|39880.0|db-unza26-csc4792-chirundu_town_council_2023_extracted.csv||
2023|Local Revenue|Consent fees|3.0|132000.0|ZMW|Column headings were not OCR-readable; values retained in source order. budget_amount set from 2023 budget column.|chirundu_obb_2023.pdf.pdf|Fees and Charges|132000.0|142824.0|153250.0|db-unza26-csc4792-chirundu_town_council_2023_extracted.csv||
2023|Local Revenue|Survey fees|3.0|300000.0|ZMW|Column headings were not OCR-readable; values retained in source order. budget_amount set from 2023 budget column.|chirundu_obb_2023.pdf.pdf|Fees and Charges|300000.0|324600.0|348296.0|db-unza26-csc4792-chirundu_town_council_2023_extracted.csv||
2023|Local Revenue|Building inspection-fees|3.0|40000.0|ZMW|Column headings were not OCR-readable; values retained in source order. budget_amount set from 2023 budget column.|chirundu_obb_2023.pdf.pdf|Fees and Charges|40000.0|43280.0|46439.0|db-unza26-csc4792-chirundu_town_council_2023_extracted.csv||
2023|Local Revenue|Plan scrutiny fee|3.0|73644.0|ZMW|Column headings were not OCR-readable; values retained in source order. budget_amount set from 2023 budget column.|chirundu_obb_2023.pdf.pdf|Fees and Charges|73644.0|79683.0|85499.0|db-unza26-csc4792-chirundu_town_council_2023_extracted.csv||
2023|Local Revenue|Change of premise use|3.0|7500.0|ZMW|Column headings were not OCR-readable; values retained in source order. budget_amount set from 2023 budget column.|chirundu_obb_2023.pdf.pdf|Fees and Charges|7500.0|8115.0|8707.0|db-unza26-csc4792-chirundu_town_council_2023_extracted.csv||
2023|Local Revenue|Container/Ntemba fees|3.0|174000.0|ZMW|Column headings were not OCR-readable; values retained in source order. budget_amount set from 2023 budget column.|chirundu_obb_2023.pdf.pdf|Fees and Charges|174000.0|188268.0|202012.0|db-unza26-csc4792-chirundu_town_council_2023_extracted.csv||
2023|Local Revenue|Application forms fees|3.0|60000.0|ZMW|Column headings were not OCR-readable; values retained in source order. budget_amount set from 2023 budget column.|chirundu_obb_2023.pdf.pdf|Fees and Charges|60000.0|64920.0|69659.0|db-unza26-csc4792-chirundu_town_council_2023_extracted.csv||
2023|Local Revenue|Notice board advert fees|3.0|2200.0|ZMW|Column headings were not OCR-readable; values retained in source order. budget_amount set from 2023 budget column.|chirundu_obb_2023.pdf.pdf|Fees and Charges|2200.0|2380.0|2554.0|db-unza26-csc4792-chirundu_town_council_2023_extracted.csv||
2023|Local Revenue|Market fees|3.0|90000.0|ZMW|Column headings were not OCR-readable; values retained in source order. budget_amount set from 2023 budget column.|chirundu_obb_2023.pdf.pdf|Fees and Charges|90000.0|97380.0|104489.0|db-unza26-csc4792-chirundu_town_council_2023_extracted.csv||
2023|Local Revenue|Parking fees|3.0|8475000.0|ZMW|Column headings were not OCR-readable; values retained in source order. budget_amount set from 2023 budget column.|chirundu_obb_2023.pdf.pdf|Fees and Charges|8475000.0|9169950.0|9839356.0|db-unza26-csc4792-chirundu_town_council_2023_extracted.csv||
2023|Local Revenue|Bus station fees|3.0|31500.0|ZMW|Column headings were not OCR-readable; values retained in source order. budget_amount set from 2023 budget column.|chirundu_obb_2023.pdf.pdf|Fees and Charges|31500.0|34083.0|36571.0|db-unza26-csc4792-chirundu_town_council_2023_extracted.csv||
2023|Local Revenue|Affidavit fees|3.0|20000.0|ZMW|Column headings were not OCR-readable; values retained in source order. budget_amount set from 2023 budget column.|chirundu_obb_2023.pdf.pdf|Fees and Charges|20000.0|21640.0|23220.0|db-unza26-csc4792-chirundu_town_council_2023_extracted.csv||
2023|Local Revenue|Hire of halls|3.0|1200.0|ZMW|Column headings were not OCR-readable; values retained in source order. budget_amount set from 2023 budget column.|chirundu_obb_2023.pdf.pdf|Fees and Charges|1200.0|1298.0|1393.0|db-unza26-csc4792-chirundu_town_council_2023_extracted.csv||
2023|Local Revenue|Course fees|3.0|3500.0|ZMW|Column headings were not OCR-readable; values retained in source order. budget_amount set from 2023 budget column.|chirundu_obb_2023.pdf.pdf|Fees and Charges|3500.0|3787.0|4063.0|db-unza26-csc4792-chirundu_town_council_2023_extracted.csv||
2023|Local Revenue|Refuse disposal|3.0|446000.0|ZMW|Column headings were not OCR-readable; values retained in source order. budget_amount set from 2023 budget column.|chirundu_obb_2023.pdf.pdf|Fees and Charges|446000.0|482572.0|517800.0|db-unza26-csc4792-chirundu_town_council_2023_extracted.csv||
2023|Local Revenue|Notice of marriage fees|3.0|18500.0|ZMW|Column headings were not OCR-readable; values retained in source order. budget_amount set from 2023 budget column.|chirundu_obb_2023.pdf.pdf|Fees and Charges|18500.0|20017.0|21478.0|db-unza26-csc4792-chirundu_town_council_2023_extracted.csv||
2023|Local Revenue|Registration of clubs and societies|3.0|40000.0|ZMW|Column headings were not OCR-readable; values retained in source order. budget_amount set from 2023 budget column.|chirundu_obb_2023.pdf.pdf|Fees and Charges|40000.0|43280.0|46439.0|db-unza26-csc4792-chirundu_town_council_2023_extracted.csv||
2023|Local Revenue|Communication mast levy|3.0|24500.0|ZMW|Column headings were not OCR-readable; values retained in source order. budget_amount set from 2023 budget column.|chirundu_obb_2023.pdf.pdf|Fees and Charges|24500.0|26509.0|28444.0|db-unza26-csc4792-chirundu_town_council_2023_extracted.csv||
2023|Local Revenue|llegal Parking of vehicles|3.0|27500.0|ZMW|Column headings were not OCR-readable; values retained in source order. budget_amount set from 2023 budget column.|chirundu_obb_2023.pdf.pdf|Fees and Charges|27500.0|29755.0|31927.0|db-unza26-csc4792-chirundu_town_council_2023_extracted.csv||
2023|Local Revenue|Land record|3.0|15000.0|ZMW|Column headings were not OCR-readable; values retained in source order. budget_amount set from 2023 budget column.|chirundu_obb_2023.pdf.pdf|Fees and Charges|15000.0|16230.0|17415.0|db-unza26-csc4792-chirundu_town_council_2023_extracted.csv||
2023|Local Revenue|Billboards and banners|3.0|96700.0|ZMW|Column headings were not OCR-readable; values retained in source order. budget_amount set from 2023 budget column.|chirundu_obb_2023.pdf.pdf|Fees and Charges|96700.0|104629.0|112267.0|db-unza26-csc4792-chirundu_town_council_2023_extracted.csv||
2023|Local Revenue|Lease of council transport|3.0|776000.0|ZMW|Column headings were not OCR-readable; values retained in source order. budget_amount set from 2023 budget column.|chirundu_obb_2023.pdf.pdf|Fees and Charges|776000.0|839632.0|900925.0|db-unza26-csc4792-chirundu_town_council_2023_extracted.csv||
2023|Local Revenue|Penalties|3.0|128000.0|ZMW|Column headings were not OCR-readable; values retained in source order. budget_amount set from 2023 budget column.|chirundu_obb_2023.pdf.pdf|Fees and Charges|128000.0|138496.0|148606.0|db-unza26-csc4792-chirundu_town_council_2023_extracted.csv||
2023|Local Revenue|Other fees and charges|3.0|86960.0|ZMW|Column headings were not OCR-readable; values retained in source order. budget_amount set from 2023 budget column.|chirundu_obb_2023.pdf.pdf|Fees and Charges|86960.0|94091.0|100959.0|db-unza26-csc4792-chirundu_town_council_2023_extracted.csv||
2023|Local Revenue|Liquor licence|3.0|143550.0|ZMW|Column headings were not OCR-readable; values retained in source order. budget_amount set from 2023 budget column.|chirundu_obb_2023.pdf.pdf|Licenses|143550.0|155321.0|166660.0|db-unza26-csc4792-chirundu_town_council_2023_extracted.csv||
2023|Local Revenue|Firearm and ammunition licence|3.0|18750.0|ZMW|Column headings were not OCR-readable; values retained in source order. budget_amount set from 2023 budget column.|chirundu_obb_2023.pdf.pdf|Licenses|18750.0|20288.0|21768.0|db-unza26-csc4792-chirundu_town_council_2023_extracted.csv||
2023|Local Revenue|Dog licence|3.0|10000.0|ZMW|Column headings were not OCR-readable; values retained in source order. budget_amount set from 2023 budget column.|chirundu_obb_2023.pdf.pdf|Licenses|10000.0|10820.0|11610.0|db-unza26-csc4792-chirundu_town_council_2023_extracted.csv||
2023|Local Revenue|Ocupancy licence|3.0|11250.0|ZMW|Column headings were not OCR-readable; values retained in source order. budget_amount set from 2023 budget column.|chirundu_obb_2023.pdf.pdf|Licenses|11250.0|12173.0|13061.0|db-unza26-csc4792-chirundu_town_council_2023_extracted.csv||
2023|Local Revenue|Other licences|3.0|140000.0|ZMW|Column headings were not OCR-readable; values retained in source order. budget_amount set from 2023 budget column.|chirundu_obb_2023.pdf.pdf|Licenses|140000.0|151480.0|162538.0|db-unza26-csc4792-chirundu_town_council_2023_extracted.csv||
2023|Local Revenue|Livestock levy|4.0|31000.0|ZMW|Column headings were not OCR-readable; values retained in source order. budget_amount set from 2023 budget column.|chirundu_obb_2023.pdf.pdf|Levies|31000.0|33542.0|35991.0|db-unza26-csc4792-chirundu_town_council_2023_extracted.csv||
2023|Local Revenue|Birds levy|4.0|1500.0|ZMW|Column headings were not OCR-readable; values retained in source order. budget_amount set from 2023 budget column.|chirundu_obb_2023.pdf.pdf|Levies|1500.0|1623.0|1741.0|db-unza26-csc4792-chirundu_town_council_2023_extracted.csv||
2023|Local Revenue|Fish levy|4.0|6000.0|ZMW|Column headings were not OCR-readable; values retained in source order. budget_amount set from 2023 budget column.|chirundu_obb_2023.pdf.pdf|Levies|6000.0|6492.0|6966.0|db-unza26-csc4792-chirundu_town_council_2023_extracted.csv||
2023|Local Revenue|Pole levy|4.0|450.0|ZMW|Column headings were not OCR-readable; values retained in source order. budget_amount set from 2023 budget column.|chirundu_obb_2023.pdf.pdf|Levies|450.0|487.0|522.0|db-unza26-csc4792-chirundu_town_council_2023_extracted.csv||
2023|Local Revenue|Charcoal levy|4.0|28800.0|ZMW|Column headings were not OCR-readable; values retained in source order. budget_amount set from 2023 budget column.|chirundu_obb_2023.pdf.pdf|Levies|28800.0|31162.0|33436.0|db-unza26-csc4792-chirundu_town_council_2023_extracted.csv||
2023|Local Revenue|Sand levy|4.0|44000.0|ZMW|Column headings were not OCR-readable; values retained in source order. budget_amount set from 2023 budget column.|chirundu_obb_2023.pdf.pdf|Levies|44000.0|47608.0|51083.0|db-unza26-csc4792-chirundu_town_council_2023_extracted.csv||
2023|Local Revenue|Miscellaneous levies|4.0|30000.0|ZMW|Column headings were not OCR-readable; values retained in source order. budget_amount set from 2023 budget column.|chirundu_obb_2023.pdf.pdf|Levies|30000.0|32460.0|34830.0|db-unza26-csc4792-chirundu_town_council_2023_extracted.csv||
2023|Local Revenue|Health permits|4.0|300000.0|ZMW|Column headings were not OCR-readable; values retained in source order. budget_amount set from 2023 budget column.|chirundu_obb_2023.pdf.pdf|Permits|300000.0|324600.0|348296.0|db-unza26-csc4792-chirundu_town_council_2023_extracted.csv||
2023|Local Revenue|Herbalist permit|4.0|1000.0|ZMW|Column headings were not OCR-readable; values retained in source order. budget_amount set from 2023 budget column.|chirundu_obb_2023.pdf.pdf|Permits|1000.0|1082.0|1161.0|db-unza26-csc4792-chirundu_town_council_2023_extracted.csv||
2023|Local Revenue|Transportation of opaque beer|4.0|12000.0|ZMW|Column headings were not OCR-readable; values retained in source order. budget_amount set from 2023 budget column.|chirundu_obb_2023.pdf.pdf|Permits|12000.0|12984.0|13932.0|db-unza26-csc4792-chirundu_town_council_2023_extracted.csv||
2023|Local Revenue|Nursery , pre school permits|4.0|31550.0|ZMW|Column headings were not OCR-readable; values retained in source order. budget_amount set from 2023 budget column.|chirundu_obb_2023.pdf.pdf|Permits|31550.0|34137.0|36629.0|db-unza26-csc4792-chirundu_town_council_2023_extracted.csv||
2023|Local Revenue|Burial permits and grave sites|4.0|1000.0|ZMW|Column headings were not OCR-readable; values retained in source order. budget_amount set from 2023 budget column.|chirundu_obb_2023.pdf.pdf|Permits|1000.0|1082.0|1161.0|db-unza26-csc4792-chirundu_town_council_2023_extracted.csv||
2023|Local Revenue|Fire certificate|4.0|355400.0|ZMW|Column headings were not OCR-readable; values retained in source order. budget_amount set from 2023 budget column.|chirundu_obb_2023.pdf.pdf|Permits|355400.0|384543.0|412614.0|db-unza26-csc4792-chirundu_town_council_2023_extracted.csv||
2023|Local Revenue|Extension of business hours permits|4.0|72000.0|ZMW|Column headings were not OCR-readable; values retained in source order. budget_amount set from 2023 budget column.|chirundu_obb_2023.pdf.pdf|Permits|72000.0|77904.0|83591.0|db-unza26-csc4792-chirundu_town_council_2023_extracted.csv||
2023|Local Revenue|Public permits (social gatherings, etc.)|4.0|6250.0|ZMW|Column headings were not OCR-readable; values retained in source order. budget_amount set from 2023 budget column.|chirundu_obb_2023.pdf.pdf|Permits|6250.0|6763.0|7256.0|db-unza26-csc4792-chirundu_town_council_2023_extracted.csv||
2023|Local Revenue|Other permits|4.0|1141100.0|ZMW|Column headings were not OCR-readable; values retained in source order. budget_amount set from 2023 budget column.|chirundu_obb_2023.pdf.pdf|Permits|1141100.0|1234670.0|1324801.0|db-unza26-csc4792-chirundu_town_council_2023_extracted.csv||
2023|Local Revenue|Grant in lieu or Rates|4.0|150000.0|ZMW|Column headings were not OCR-readable; values retained in source order. budget_amount set from 2023 budget column.|chirundu_obb_2023.pdf.pdf|National Support (Grants)|150000.0|150000.0|150000.0|db-unza26-csc4792-chirundu_town_council_2023_extracted.csv||
2023|Local Revenue|Restructuring Grant|4.0|7536556.0|ZMW|Column headings were not OCR-readable; values retained in source order. budget_amount set from 2023 budget column.|chirundu_obb_2023.pdf.pdf|National Support (Grants)|7536556.0|8154554.0|8154554.0|db-unza26-csc4792-chirundu_town_council_2023_extracted.csv||
2023|Local Revenue|Capital Grant|4.0|1884139.0|ZMW|Column headings were not OCR-readable; values retained in source order. budget_amount set from 2023 budget column.|chirundu_obb_2023.pdf.pdf|National Support (Grants)|1884139.0|2038638.0|2187459.0|db-unza26-csc4792-chirundu_town_council_2023_extracted.csv||
2023|Local Revenue|Service Charges — Residential Plots|4.0|950000.0|ZMW|Column headings were not OCR-readable; values retained in source order. budget_amount set from 2023 budget column.|chirundu_obb_2023.pdf.pdf|Charges|950000.0|1027900.0|1102937.0|db-unza26-csc4792-chirundu_town_council_2023_extracted.csv||
2023|Local Revenue|Service Charges — Industrial Plots|4.0|100000.0|ZMW|Column headings were not OCR-readable; values retained in source order. budget_amount set from 2023 budget column.|chirundu_obb_2023.pdf.pdf|Charges|100000.0|108200.0|116099.0|db-unza26-csc4792-chirundu_town_council_2023_extracted.csv||
2023|Local Revenue|Other Income|4.0|204686.0|ZMW|Column headings were not OCR-readable; values retained in source order. budget_amount set from 2023 budget column.|chirundu_obb_2023.pdf.pdf|Other Incomes|204686.0|221470.0|237638.0|db-unza26-csc4792-chirundu_town_council_2023_extracted.csv||
2023|LGEF|Local Government Equalisation Fund|||ZMW|Not separately identified in the OCR text or the reviewed grant pages. No separately stated LGEF allocation in the source budget; value intentionally blank.|chirundu_obb_2023.pdf.pdf|||||db-unza26-csc4792-chirundu_town_council_2023_extracted.csv||
2023|Programme|Constituency Development|11.0|28300000.0|ZMW|Programme 1 identified in the 2023 OBB. Amount verified from programme allocation table.|chirundu_obb_2023.pdf.pdf|||||db-unza26-csc4792-chirundu_town_council_2023_extracted.csv||
2023|Programme|Public Order and Safety|26.0|219472.0|ZMW|Programme 10 identified in the 2023 OBB. Amount verified from programme allocation table.|chirundu_obb_2023.pdf.pdf|||||db-unza26-csc4792-chirundu_town_council_2023_extracted.csv||
2023|Programme|Management and Support Services|28.0|5722070.0|ZMW|Programme 11 identified in the 2023 OBB. Amount verified from programme allocation table.|chirundu_obb_2023.pdf.pdf|||||db-unza26-csc4792-chirundu_town_council_2023_extracted.csv||
2023|Programme|Resource Mobilisation and Management|30.0|4519579.0|ZMW|Programme 12 identified in the 2023 OBB. Amount verified from programme allocation table.|chirundu_obb_2023.pdf.pdf|||||db-unza26-csc4792-chirundu_town_council_2023_extracted.csv||
2023|Programme|Local Governance|12.0|984650.0|ZMW|Programme 2 identified in the 2023 OBB. Amount verified from programme allocation table.|chirundu_obb_2023.pdf.pdf|||||db-unza26-csc4792-chirundu_town_council_2023_extracted.csv||
2023|Programme|Integrated Development Planning|14.0|1167060.0|ZMW|Programme 3 identified in the 2023 OBB. Amount verified from programme allocation table.|chirundu_obb_2023.pdf.pdf|||||db-unza26-csc4792-chirundu_town_council_2023_extracted.csv||
2023|Programme|Economic and Business Development|16.0|1335960.0|ZMW|Programme 4 identified in the 2023 OBB. Amount verified from programme allocation table.|chirundu_obb_2023.pdf.pdf|||||db-unza26-csc4792-chirundu_town_council_2023_extracted.csv||
2023|Programme|Public Health and Environmental Protection|18.0|3746811.0|ZMW|Programme 5 identified in the 2023 OBB. Amount verified from programme allocation table.|chirundu_obb_2023.pdf.pdf|||||db-unza26-csc4792-chirundu_town_council_2023_extracted.csv||
2023|Programme|Housing and Community Amenities|20.0|6452483.0|ZMW|Programme 6 identified in the 2023 OBB. Amount verified from programme allocation table.|chirundu_obb_2023.pdf.pdf|||||db-unza26-csc4792-chirundu_town_council_2023_extracted.csv||
2023|Programme|Recreation Culture and Religion|22.0|130680.0|ZMW|Programme 7 identified in the 2023 OBB. Amount verified from programme allocation table.|chirundu_obb_2023.pdf.pdf|||||db-unza26-csc4792-chirundu_town_council_2023_extracted.csv||
2023|Programme|Education and Skills Development|24.0|130500.0|ZMW|Programme 8 identified in the 2023 OBB. Amount verified from programme allocation table.|chirundu_obb_2023.pdf.pdf|||||db-unza26-csc4792-chirundu_town_council_2023_extracted.csv||
2023|Programme|Social Protection|25.0|356500.0|ZMW|Programme 9 identified in the 2023 OBB. Amount verified from programme allocation table.|chirundu_obb_2023.pdf.pdf|||||db-unza26-csc4792-chirundu_town_council_2023_extracted.csv||
2023|Programme Output|Number of Community Capital Projects|11.0|||Programme 1: Constituency Development; Output 01.|chirundu_obb_2023.pdf.pdf|||||db-unza26-csc4792-chirundu_town_council_2023_extracted.csv||
2023|Programme Output|Number of Youth Empowerment Beneficiaries|11.0|||Programme 1: Constituency Development; Output 02.|chirundu_obb_2023.pdf.pdf|||||db-unza26-csc4792-chirundu_town_council_2023_extracted.csv||
2023|Programme Output|Number of Women Empowerment Beneficiaries|11.0|||Programme 1: Constituency Development; Output 03.|chirundu_obb_2023.pdf.pdf|||||db-unza26-csc4792-chirundu_town_council_2023_extracted.csv||
2023|Programme Output|Number of Secondary School Busary Beneficiaries|11.0|||Programme 1: Constituency Development; Output 04.|chirundu_obb_2023.pdf.pdf|||||db-unza26-csc4792-chirundu_town_council_2023_extracted.csv||
2023|Programme Output|Number of Skills Development Busary Beneficiaries|11.0|||Programme 1: Constituency Development; Output 05.|chirundu_obb_2023.pdf.pdf|||||db-unza26-csc4792-chirundu_town_council_2023_extracted.csv||
2023|Programme Output|Proportion of Twenty five - minute response time to Fire|26.0|||Programme 10: Public Order and Safety; Output 01.|chirundu_obb_2023.pdf.pdf|||||db-unza26-csc4792-chirundu_town_council_2023_extracted.csv||
2023|Programme Output|Proportion of Twenty five - minute response time to|26.0|||Programme 10: Public Order and Safety; Output 02.|chirundu_obb_2023.pdf.pdf|||||db-unza26-csc4792-chirundu_town_council_2023_extracted.csv||
2023|Programme Output|Number of places ridden of Street Vendors|26.0|||Programme 10: Public Order and Safety; Output 03.|chirundu_obb_2023.pdf.pdf|||||db-unza26-csc4792-chirundu_town_council_2023_extracted.csv||
2023|Programme Output|Proportion compliance to Fire regulations|26.0|||Programme 10: Public Order and Safety; Output 04.|chirundu_obb_2023.pdf.pdf|||||db-unza26-csc4792-chirundu_town_council_2023_extracted.csv||
2023|Programme Output|Number of street lights maintained|26.0|||Programme 10: Public Order and Safety; Output 05.|chirundu_obb_2023.pdf.pdf|||||db-unza26-csc4792-chirundu_town_council_2023_extracted.csv||
2023|Programme Output|Number of enforcements carried out|26.0|||Programme 10: Public Order and Safety; Output 06.|chirundu_obb_2023.pdf.pdf|||||db-unza26-csc4792-chirundu_town_council_2023_extracted.csv||
2023|Programme Output|Number of Bulidings complying to Building regulations|26.0|||Programme 10: Public Order and Safety; Output 07.|chirundu_obb_2023.pdf.pdf|||||db-unza26-csc4792-chirundu_town_council_2023_extracted.csv||
2023|Programme Output|Procurement Plan developed|28.0|||Programme 11: Management and Support Services; Output 01.|chirundu_obb_2023.pdf.pdf|||||db-unza26-csc4792-chirundu_town_council_2023_extracted.csv||
2023|Programme Output|Number of Audit Committee Reports Produced|28.0|||Programme 11: Management and Support Services; Output 02.|chirundu_obb_2023.pdf.pdf|||||db-unza26-csc4792-chirundu_town_council_2023_extracted.csv||
2023|Programme Output|Percentage Reduction of Audit queries|28.0|||Programme 11: Management and Support Services; Output 03.|chirundu_obb_2023.pdf.pdf|||||db-unza26-csc4792-chirundu_town_council_2023_extracted.csv||
2023|Programme Output|Number of Financial Statements prepared|28.0|||Programme 11: Management and Support Services; Output 04.|chirundu_obb_2023.pdf.pdf|||||db-unza26-csc4792-chirundu_town_council_2023_extracted.csv||
2023|Programme Output|Number of Community Sensitisations carried out|28.0|||Programme 11: Management and Support Services; Output 05.|chirundu_obb_2023.pdf.pdf|||||db-unza26-csc4792-chirundu_town_council_2023_extracted.csv||
2023|Programme Output|Number of AGMs|28.0|||Programme 11: Management and Support Services; Output 06.|chirundu_obb_2023.pdf.pdf|||||db-unza26-csc4792-chirundu_town_council_2023_extracted.csv||
2023|Programme Output|Percentage of Local Revenue Target Achieved|30.0|||Programme 12: Resource Mobilisation and Management; Output 01.|chirundu_obb_2023.pdf.pdf|||||db-unza26-csc4792-chirundu_town_council_2023_extracted.csv||
2023|Programme Output|Automated Cash Collection Application Launched (Airtel)|30.0|||Programme 12: Resource Mobilisation and Management; Output 02.|chirundu_obb_2023.pdf.pdf|||||db-unza26-csc4792-chirundu_town_council_2023_extracted.csv||
2023|Programme Output|Compliance in Revenue Collection against Bankings|30.0|||Programme 12: Resource Mobilisation and Management; Output 03.|chirundu_obb_2023.pdf.pdf|||||db-unza26-csc4792-chirundu_town_council_2023_extracted.csv||
2023|Programme Output|Billing System (Dove) Procured|30.0|||Programme 12: Resource Mobilisation and Management; Output 04.|chirundu_obb_2023.pdf.pdf|||||db-unza26-csc4792-chirundu_town_council_2023_extracted.csv||
2023|Programme Output|Percentage of Revenue Increased|30.0|||Programme 12: Resource Mobilisation and Management; Output 05.|chirundu_obb_2023.pdf.pdf|||||db-unza26-csc4792-chirundu_town_council_2023_extracted.csv||
2023|Programme Output|Number of Full Council Meetings held|12.0|||Programme 2: Local Governance; Output 01.|chirundu_obb_2023.pdf.pdf|||||db-unza26-csc4792-chirundu_town_council_2023_extracted.csv||
2023|Programme Output|Number of Public Functions attended|12.0|||Programme 2: Local Governance; Output 02.|chirundu_obb_2023.pdf.pdf|||||db-unza26-csc4792-chirundu_town_council_2023_extracted.csv||
2023|Programme Output|Number of Stakeholder meetings|12.0|||Programme 2: Local Governance; Output 03.|chirundu_obb_2023.pdf.pdf|||||db-unza26-csc4792-chirundu_town_council_2023_extracted.csv||
2023|Programme Output|Ward Development committees oriented|12.0|||Programme 2: Local Governance; Output 04.|chirundu_obb_2023.pdf.pdf|||||db-unza26-csc4792-chirundu_town_council_2023_extracted.csv||
2023|Programme Output|Number Of Social Responsibility Programmes Supported|12.0|||Programme 2: Local Governance; Output 05.|chirundu_obb_2023.pdf.pdf|||||db-unza26-csc4792-chirundu_town_council_2023_extracted.csv||
2023|Programme Output|Intergrated Development Plan developed|14.0|||Programme 3: Integrated Development Planning; Output 01.|chirundu_obb_2023.pdf.pdf|||||db-unza26-csc4792-chirundu_town_council_2023_extracted.csv||
2023|Programme Output|Number of Policies developed|14.0|||Programme 3: Integrated Development Planning; Output 02.|chirundu_obb_2023.pdf.pdf|||||db-unza26-csc4792-chirundu_town_council_2023_extracted.csv||
2023|Programme Output|Number of Meetings attended|14.0|||Programme 3: Integrated Development Planning; Output 03.|chirundu_obb_2023.pdf.pdf|||||db-unza26-csc4792-chirundu_town_council_2023_extracted.csv||
2023|Programme Output|Proportion of Sourced Condoms Distributed|14.0|||Programme 3: Integrated Development Planning; Output 04.|chirundu_obb_2023.pdf.pdf|||||db-unza26-csc4792-chirundu_town_council_2023_extracted.csv||
2023|Programme Output|Number of Wards sensitised|14.0|||Programme 3: Integrated Development Planning; Output 05.|chirundu_obb_2023.pdf.pdf|||||db-unza26-csc4792-chirundu_town_council_2023_extracted.csv||
2023|Programme Output|Number of unplanned settlements upgraded|14.0|||Programme 3: Integrated Development Planning; Output 06.|chirundu_obb_2023.pdf.pdf|||||db-unza26-csc4792-chirundu_town_council_2023_extracted.csv||
2023|Programme Output|Number of Commemorations|14.0|||Programme 3: Integrated Development Planning; Output 08.|chirundu_obb_2023.pdf.pdf|||||db-unza26-csc4792-chirundu_town_council_2023_extracted.csv||
2023|Programme Output|Number of Meetings for DDCC Member oriention|14.0|||Programme 3: Integrated Development Planning; Output 09.|chirundu_obb_2023.pdf.pdf|||||db-unza26-csc4792-chirundu_town_council_2023_extracted.csv||
2023|Programme Output|Website Created|14.0|||Programme 3: Integrated Development Planning; Output 10.|chirundu_obb_2023.pdf.pdf|||||db-unza26-csc4792-chirundu_town_council_2023_extracted.csv||
2023|Programme Output|Number of Active WDCs|14.0|||Programme 3: Integrated Development Planning; Output 11.|chirundu_obb_2023.pdf.pdf|||||db-unza26-csc4792-chirundu_town_council_2023_extracted.csv||
2023|Programme Output|Percentage of revenue increased|16.0|||Programme 4: Economic and Business Development; Output 01.|chirundu_obb_2023.pdf.pdf|||||db-unza26-csc4792-chirundu_town_council_2023_extracted.csv||
2023|Programme Output|Truck Parks Established|16.0|||Programme 4: Economic and Business Development; Output 02.|chirundu_obb_2023.pdf.pdf|||||db-unza26-csc4792-chirundu_town_council_2023_extracted.csv||
2023|Programme Output|Percentage of Revenue collected by Ward Development|16.0|||Programme 4: Economic and Business Development; Output 03.|chirundu_obb_2023.pdf.pdf|||||db-unza26-csc4792-chirundu_town_council_2023_extracted.csv||
2023|Programme Output|Recreation Center opened|16.0|||Programme 4: Economic and Business Development; Output 04.|chirundu_obb_2023.pdf.pdf|||||db-unza26-csc4792-chirundu_town_council_2023_extracted.csv||
2023|Programme Output|Number of Keep Chirundu Clean Green and Healthy|18.0|||Programme 5: Public Health and Environmental Protection; Output 01.|chirundu_obb_2023.pdf.pdf|||||db-unza26-csc4792-chirundu_town_council_2023_extracted.csv||
2023|Programme Output|Tonnes of Garbage collected 120,000 - 130,000 14,520-—-30,000|18.0|||Programme 5: Public Health and Environmental Protection; Output 02.|chirundu_obb_2023.pdf.pdf|||||db-unza26-csc4792-chirundu_town_council_2023_extracted.csv||
2023|Programme Output|Proportion of Dogs registered|18.0|||Programme 5: Public Health and Environmental Protection; Output 03.|chirundu_obb_2023.pdf.pdf|||||db-unza26-csc4792-chirundu_town_council_2023_extracted.csv||
2023|Programme Output|Proportion of unclaimed bodies disposed timely|18.0|||Programme 5: Public Health and Environmental Protection; Output 04.|chirundu_obb_2023.pdf.pdf|||||db-unza26-csc4792-chirundu_town_council_2023_extracted.csv||
2023|Programme Output|Number of trainings of Community Champions and pump|18.0|||Programme 5: Public Health and Environmental Protection; Output 05.|chirundu_obb_2023.pdf.pdf|||||db-unza26-csc4792-chirundu_town_council_2023_extracted.csv||
2023|Programme Output|Number of Meat inspections|18.0|||Programme 5: Public Health and Environmental Protection; Output 06.|chirundu_obb_2023.pdf.pdf|||||db-unza26-csc4792-chirundu_town_council_2023_extracted.csv||
2023|Programme Output|Number of Commemorations|18.0|||Programme 5: Public Health and Environmental Protection; Output 07.|chirundu_obb_2023.pdf.pdf|||||db-unza26-csc4792-chirundu_town_council_2023_extracted.csv||
2023|Programme Output|Zambia Institute of Environment and Health conference|18.0|||Programme 5: Public Health and Environmental Protection; Output 08.|chirundu_obb_2023.pdf.pdf|||||db-unza26-csc4792-chirundu_town_council_2023_extracted.csv||
2023|Programme Output|Number of Pre-schools inspected|18.0|||Programme 5: Public Health and Environmental Protection; Output 09.|chirundu_obb_2023.pdf.pdf|||||db-unza26-csc4792-chirundu_town_council_2023_extracted.csv||
2023|Programme Output|Proportion of Households sprayed|18.0|||Programme 5: Public Health and Environmental Protection; Output 10.|chirundu_obb_2023.pdf.pdf|||||db-unza26-csc4792-chirundu_town_council_2023_extracted.csv||
2023|Programme Output|Number of CDF Projects implemented|20.0|||Programme 6: Housing and Community Amenities; Output 01.|chirundu_obb_2023.pdf.pdf|||||db-unza26-csc4792-chirundu_town_council_2023_extracted.csv||
2023|Programme Output|Number of WDF Projects Implemented|20.0|||Programme 6: Housing and Community Amenities; Output 02.|chirundu_obb_2023.pdf.pdf|||||db-unza26-csc4792-chirundu_town_council_2023_extracted.csv||
2023|Programme Output|Number of Marketers accommodated|20.0|||Programme 6: Housing and Community Amenities; Output 03.|chirundu_obb_2023.pdf.pdf|||||db-unza26-csc4792-chirundu_town_council_2023_extracted.csv||
2023|Programme Output|Percentage of Market Fees Collected|20.0|||Programme 6: Housing and Community Amenities; Output 04.|chirundu_obb_2023.pdf.pdf|||||db-unza26-csc4792-chirundu_town_council_2023_extracted.csv||
2023|Programme Output|Kilometers of Roads maintained|20.0|||Programme 6: Housing and Community Amenities; Output 05.|chirundu_obb_2023.pdf.pdf|||||db-unza26-csc4792-chirundu_town_council_2023_extracted.csv||
2023|Programme Output|Number of Public Amenities maintained|20.0|||Programme 6: Housing and Community Amenities; Output 06.|chirundu_obb_2023.pdf.pdf|||||db-unza26-csc4792-chirundu_town_council_2023_extracted.csv||
2023|Programme Output|Number of Football Matches played|22.0|||Programme 7: Recreation Culture and Religion; Output 01.|chirundu_obb_2023.pdf.pdf|||||db-unza26-csc4792-chirundu_town_council_2023_extracted.csv||
2023|Programme Output|Number of Traditional ceremonies attended|22.0|||Programme 7: Recreation Culture and Religion; Output 02.|chirundu_obb_2023.pdf.pdf|||||db-unza26-csc4792-chirundu_town_council_2023_extracted.csv||
2023|Programme Output|Recreation Center built (Gym /Bar /Play Park /Pool, etc)|22.0|||Programme 7: Recreation Culture and Religion; Output 03.|chirundu_obb_2023.pdf.pdf|||||db-unza26-csc4792-chirundu_town_council_2023_extracted.csv||
2023|Programme Output|Number of Clubs registered|22.0|||Programme 7: Recreation Culture and Religion; Output 04.|chirundu_obb_2023.pdf.pdf|||||db-unza26-csc4792-chirundu_town_council_2023_extracted.csv||
2023|Programme Output|ZALASA Tournament attended|22.0|||Programme 7: Recreation Culture and Religion; Output 05.|chirundu_obb_2023.pdf.pdf|||||db-unza26-csc4792-chirundu_town_council_2023_extracted.csv||
2023|Programme Output|Number of Friday Sports Day Held|22.0|||Programme 7: Recreation Culture and Religion; Output 06.|chirundu_obb_2023.pdf.pdf|||||db-unza26-csc4792-chirundu_town_council_2023_extracted.csv||
2023|Programme Output|Number of Skills and Deveploment Engagements|24.0|||Programme 8: Education and Skills Development; Output 01.|chirundu_obb_2023.pdf.pdf|||||db-unza26-csc4792-chirundu_town_council_2023_extracted.csv||
2023|Programme Output|Number Adolescence & Young People Reached|25.0|||Programme 9: Social Protection; Output 01.|chirundu_obb_2023.pdf.pdf|||||db-unza26-csc4792-chirundu_town_council_2023_extracted.csv||
2023|Programme Output|Number of CATFs Trained|25.0|||Programme 9: Social Protection; Output 02.|chirundu_obb_2023.pdf.pdf|||||db-unza26-csc4792-chirundu_town_council_2023_extracted.csv||
2023|Programme Output|Number of Commemorations Held|25.0|||Programme 9: Social Protection; Output 03.|chirundu_obb_2023.pdf.pdf|||||db-unza26-csc4792-chirundu_town_council_2023_extracted.csv||
2023|Programme Output|Number of Communities Reached|25.0|||Programme 9: Social Protection; Output 04.|chirundu_obb_2023.pdf.pdf|||||db-unza26-csc4792-chirundu_town_council_2023_extracted.csv||
2023|Programme Output|Number of Wards Sensitized on 16 Days of Gender|25.0|||Programme 9: Social Protection; Output 05.|chirundu_obb_2023.pdf.pdf|||||db-unza26-csc4792-chirundu_town_council_2023_extracted.csv||
2024|CDF|Constituency Development Programme — Total Allocation|7.0|30635642.0|ZMW|Total CDF programme allocation.|chirundu_obb_2024.pdf.pdf|||||db-unza26-csc4792-chirundu_town_council_2024_extracted.csv||
2024|CDF|Community Projects|7.0|17462316.0|ZMW|CDF sub-programme allocation.|chirundu_obb_2024.pdf.pdf|||||db-unza26-csc4792-chirundu_town_council_2024_extracted.csv||
2024|CDF|Women and Youth Empowerment|7.0|5820772.0|ZMW|CDF sub-programme allocation.|chirundu_obb_2024.pdf.pdf|||||db-unza26-csc4792-chirundu_town_council_2024_extracted.csv||
2024|CDF|CDF Administration|7.0|1531782.0|ZMW|CDF sub-programme allocation.|chirundu_obb_2024.pdf.pdf|||||db-unza26-csc4792-chirundu_town_council_2024_extracted.csv||
2024|CDF|Secondary School and Skills Development Bursaries|7.0|5820772.0|ZMW|CDF sub-programme allocation.|chirundu_obb_2024.pdf.pdf|||||db-unza26-csc4792-chirundu_town_council_2024_extracted.csv||
2024|CDF|Empowerment Loans|7.0|3492463.0|ZMW|Financial assets allocation under CDF.|chirundu_obb_2024.pdf.pdf|||||db-unza26-csc4792-chirundu_town_council_2024_extracted.csv||
2024|CDF|Empowerment Grants|7.0|2328309.0|ZMW|Transfers allocation under CDF.|chirundu_obb_2024.pdf.pdf|||||db-unza26-csc4792-chirundu_town_council_2024_extracted.csv||
2024|CDF Output|Ablution Blocks Constructed|8.0|||2024 CDF programme output target.|chirundu_obb_2024.pdf.pdf|||||db-unza26-csc4792-chirundu_town_council_2024_extracted.csv|6.0|Blocks
2024|CDF Output|Classroom Blocks Constructed|8.0|||2024 CDF programme output target.|chirundu_obb_2024.pdf.pdf|||||db-unza26-csc4792-chirundu_town_council_2024_extracted.csv|6.0|Blocks
2024|CDF Output|Desks Procured|8.0|||2024 CDF programme output target.|chirundu_obb_2024.pdf.pdf|||||db-unza26-csc4792-chirundu_town_council_2024_extracted.csv|75.0|Desks
2024|CDF Output|Solar Powered Boreholes Drilled|8.0|||2024 CDF programme output target.|chirundu_obb_2024.pdf.pdf|||||db-unza26-csc4792-chirundu_town_council_2024_extracted.csv|7.0|Boreholes
2024|CDF Output|Solar Powered Boreholes Upgraded|8.0|||2024 CDF programme output target.|chirundu_obb_2024.pdf.pdf|||||db-unza26-csc4792-chirundu_town_council_2024_extracted.csv|3.0|Boreholes
2024|CDF Output|Sports Facilities Constructed|8.0|||2024 CDF programme output target.|chirundu_obb_2024.pdf.pdf|||||db-unza26-csc4792-chirundu_town_council_2024_extracted.csv|1.0|Facility
2024|CDF Output|Staff Houses Constructed|8.0|||2024 CDF programme output target.|chirundu_obb_2024.pdf.pdf|||||db-unza26-csc4792-chirundu_town_council_2024_extracted.csv|3.0|Houses
2024|CDF Output|Ambulances Procured|8.0|||2024 CDF programme output target.|chirundu_obb_2024.pdf.pdf|||||db-unza26-csc4792-chirundu_town_council_2024_extracted.csv|1.0|Ambulance
2024|CDF Output|Motor Bikes for Chief Palace Procured|8.0|||2024 CDF programme output target.|chirundu_obb_2024.pdf.pdf|||||db-unza26-csc4792-chirundu_town_council_2024_extracted.csv|3.0|Motor Bikes
2024|CDF Output|Approved Youth, Women and Community Empowerment Grants Disbursed|8.0|||2024 CDF programme output target.|chirundu_obb_2024.pdf.pdf|||||db-unza26-csc4792-chirundu_town_council_2024_extracted.csv|100.0|Percent
2024|CDF Output|Approved Youth, Women and Community Empowerment Loans Disbursed|8.0|||2024 CDF programme output target.|chirundu_obb_2024.pdf.pdf|||||db-unza26-csc4792-chirundu_town_council_2024_extracted.csv|100.0|Percent
2024|CDF Output|CDF Committee Meetings Held|8.0|||2024 CDF programme output target.|chirundu_obb_2024.pdf.pdf|||||db-unza26-csc4792-chirundu_town_council_2024_extracted.csv|10.0|Meetings
2024|CDF Output|CDF Hour Radio Sessions Aired|8.0|||2024 CDF programme output target.|chirundu_obb_2024.pdf.pdf|||||db-unza26-csc4792-chirundu_town_council_2024_extracted.csv|52.0|Sessions
2024|CDF Output|Monitoring Reports Produced|8.0|||2024 CDF programme output target.|chirundu_obb_2024.pdf.pdf|||||db-unza26-csc4792-chirundu_town_council_2024_extracted.csv|4.0|Reports
2024|CDF Output|CDF Audit Verification Exercises|8.0|||2024 CDF programme output target.|chirundu_obb_2024.pdf.pdf|||||db-unza26-csc4792-chirundu_town_council_2024_extracted.csv|2.0|Exercises
2024|CDF Output|Approved Skills Bursaries Sponsored|8.0|||2024 CDF programme output target.|chirundu_obb_2024.pdf.pdf|||||db-unza26-csc4792-chirundu_town_council_2024_extracted.csv|100.0|Percent
2024|CDF Output|Approved Secondary School Bursaries Sponsored|8.0|||2024 CDF programme output target.|chirundu_obb_2024.pdf.pdf|||||db-unza26-csc4792-chirundu_town_council_2024_extracted.csv|100.0|Percent
2024|Local Revenue|Resource Mobilisation and Management — Total Allocation|29.0|9150433.0|ZMW|Total allocation for the Revenue Mobilisation and Enhancement sub-programme.|chirundu_obb_2024.pdf.pdf|||||db-unza26-csc4792-chirundu_town_council_2024_extracted.csv||
2024|Local Revenue|Personal Emoluments for Revenue Collectors|29.0|5814528.0|ZMW|Economic-classification allocation.|chirundu_obb_2024.pdf.pdf|||||db-unza26-csc4792-chirundu_town_council_2024_extracted.csv||
2024|Local Revenue|Use of Goods and Services|29.0|2077905.0|ZMW|Economic-classification allocation.|chirundu_obb_2024.pdf.pdf|||||db-unza26-csc4792-chirundu_town_council_2024_extracted.csv||
2024|Local Revenue|Assets — Revenue Collection Vehicle|29.0|1258000.0|ZMW|Economic-classification allocation for a revenue-collection vehicle.|chirundu_obb_2024.pdf.pdf|||||db-unza26-csc4792-chirundu_town_council_2024_extracted.csv||
2024|Local Revenue Output|Percentage of Revenue Increased|30.0|||Target: increase revenue by 10 percent from the previous year.|chirundu_obb_2024.pdf.pdf|||||db-unza26-csc4792-chirundu_town_council_2024_extracted.csv|10.0|Percent
2024|Local Revenue Output|Billing System Procured|30.0|||Programme output target.|chirundu_obb_2024.pdf.pdf|||||db-unza26-csc4792-chirundu_town_council_2024_extracted.csv|1.0|System
2024|Local Revenue Output|Own Source Revenue Collected|30.0|||Targeted collection from own-source-revenue projections.|chirundu_obb_2024.pdf.pdf|||||db-unza26-csc4792-chirundu_town_council_2024_extracted.csv|90.0|Percent
2024|Programme|Constituency Development|7.0|30635642.0|ZMW|Programme 1 identified in the 2024 OBB. Amount verified from programme allocation table.|chirundu_obb_2024.pdf.pdf|||||db-unza26-csc4792-chirundu_town_council_2024_extracted.csv||
2024|Programme|Public Order and Safety|24.0|677220.0|ZMW|Programme 10 identified in the 2024 OBB. Amount verified from programme allocation table.|chirundu_obb_2024.pdf.pdf|||||db-unza26-csc4792-chirundu_town_council_2024_extracted.csv||
2024|Programme|Management and Support Services|26.0|10845691.0|ZMW|Programme 11 identified in the 2024 OBB. Amount verified from programme allocation table.|chirundu_obb_2024.pdf.pdf|||||db-unza26-csc4792-chirundu_town_council_2024_extracted.csv||
2024|Programme|Resource Mobilisation and Management|29.0|9150433.0|ZMW|Programme 12 identified in the 2024 OBB. Amount verified from programme allocation table.|chirundu_obb_2024.pdf.pdf|||||db-unza26-csc4792-chirundu_town_council_2024_extracted.csv||
2024|Programme|District Health servcies|31.0|1457388.0|ZMW|Programme 13 identified in the 2024 OBB. Amount verified from programme allocation table.|chirundu_obb_2024.pdf.pdf|||||db-unza26-csc4792-chirundu_town_council_2024_extracted.csv||
2024|Programme|Veterinary services|32.0|105899.0|ZMW|Programme 14 identified in the 2024 OBB. Amount verified from programme allocation table.|chirundu_obb_2024.pdf.pdf|||||db-unza26-csc4792-chirundu_town_council_2024_extracted.csv||
2024|Programme|Transport Services|33.0|3742847.0|ZMW|Programme 15 identified in the 2024 OBB. Amount verified from programme allocation table.|chirundu_obb_2024.pdf.pdf|||||db-unza26-csc4792-chirundu_town_council_2024_extracted.csv||
2024|Programme|Local Governance|9.0|1377628.0|ZMW|Programme 2 identified in the 2024 OBB. Amount verified from programme allocation table.|chirundu_obb_2024.pdf.pdf|||||db-unza26-csc4792-chirundu_town_council_2024_extracted.csv||
2024|Programme|Integrated Development Planning|11.0|3095245.0|ZMW|Programme 3 identified in the 2024 OBB. Amount verified from programme allocation table.|chirundu_obb_2024.pdf.pdf|||||db-unza26-csc4792-chirundu_town_council_2024_extracted.csv||
2024|Programme|Economic and Business Development|13.0|676430.0|ZMW|Programme 4 identified in the 2024 OBB. Amount verified from programme allocation table.|chirundu_obb_2024.pdf.pdf|||||db-unza26-csc4792-chirundu_town_council_2024_extracted.csv||
2024|Programme|Public Health and Environmental Protection|15.0|3807485.0|ZMW|Programme 5 identified in the 2024 OBB. Amount verified from programme allocation table.|chirundu_obb_2024.pdf.pdf|||||db-unza26-csc4792-chirundu_town_council_2024_extracted.csv||
2024|Programme|Housing and Community Amenities|17.0|13182722.0|ZMW|Programme 6 identified in the 2024 OBB. Amount verified from programme allocation table.|chirundu_obb_2024.pdf.pdf|||||db-unza26-csc4792-chirundu_town_council_2024_extracted.csv||
2024|Programme|Recreation Culture and Religion|19.0|642134.0|ZMW|Programme 7 identified in the 2024 OBB. Amount verified from programme allocation table.|chirundu_obb_2024.pdf.pdf|||||db-unza26-csc4792-chirundu_town_council_2024_extracted.csv||
2024|Programme|Education and Skills Development|21.0|228100.0|ZMW|Programme 8 identified in the 2024 OBB. Amount verified from programme allocation table.|chirundu_obb_2024.pdf.pdf|||||db-unza26-csc4792-chirundu_town_council_2024_extracted.csv||
2024|Programme|Social Protection|22.0|137324.0|ZMW|Programme 9 identified in the 2024 OBB. Amount verified from programme allocation table.|chirundu_obb_2024.pdf.pdf|||||db-unza26-csc4792-chirundu_town_council_2024_extracted.csv||
2024|LGEF|Local Government Equalisation Fund|||ZMW|Not separately identified in the OCR text or reviewed grant pages. No separately stated LGEF allocation in the source budget; value intentionally blank.|chirundu_obb_2024.pdf.pdf|||||db-unza26-csc4792-chirundu_town_council_2024_extracted.csv||
2024|Programme Output|Number of Full Council Meetings Held|10.0|||Programme 2: Local Governance; Output 02.|chirundu_obb_2024.pdf.pdf|||||db-unza26-csc4792-chirundu_town_council_2024_extracted.csv||
2024|Programme Output|Number of Stakeholder Meetings|10.0|||Programme 2: Local Governance; Output 04.|chirundu_obb_2024.pdf.pdf|||||db-unza26-csc4792-chirundu_town_council_2024_extracted.csv||
2024|Programme Output|Number of Zonal Representatives Elected|12.0|||Programme 3: Integrated Development Planning; Output 01.|chirundu_obb_2024.pdf.pdf|||||db-unza26-csc4792-chirundu_town_council_2024_extracted.csv||
2024|Programme Output|Number of WOCs Established|12.0|||Programme 3: Integrated Development Planning; Output 01.|chirundu_obb_2024.pdf.pdf|||||db-unza26-csc4792-chirundu_town_council_2024_extracted.csv||
2024|Programme Output|Number of unplanned settlements upgraded|12.0|||Programme 3: Integrated Development Planning; Output 02.|chirundu_obb_2024.pdf.pdf|||||db-unza26-csc4792-chirundu_town_council_2024_extracted.csv||
2024|Programme Output|Number of Properties Titled|12.0|||Programme 3: Integrated Development Planning; Output 04.|chirundu_obb_2024.pdf.pdf|||||db-unza26-csc4792-chirundu_town_council_2024_extracted.csv||
2024|Programme Output|Number of Community Engagements Held|12.0|||Programme 3: Integrated Development Planning; Output 05.|chirundu_obb_2024.pdf.pdf|||||db-unza26-csc4792-chirundu_town_council_2024_extracted.csv||
2024|Programme Output|Number of WOF Projects Implemented|12.0|||Programme 3: Integrated Development Planning; Output 06.|chirundu_obb_2024.pdf.pdf|||||db-unza26-csc4792-chirundu_town_council_2024_extracted.csv||
2024|Programme Output|Number of Intergrated Development Plans Launched|12.0|||Programme 3: Integrated Development Planning; Output 07.|chirundu_obb_2024.pdf.pdf|||||db-unza26-csc4792-chirundu_town_council_2024_extracted.csv||
2024|Programme Output|Percentage of profits remitted from Commercial Ventures - : - :|14.0|||Programme 4: Economic and Business Development; Output 01.|chirundu_obb_2024.pdf.pdf|||||db-unza26-csc4792-chirundu_town_council_2024_extracted.csv||
2024|Programme Output|Number of Health Inspections Conducted|16.0|||Programme 5: Public Health and Environmental Protection; Output 01.|chirundu_obb_2024.pdf.pdf|||||db-unza26-csc4792-chirundu_town_council_2024_extracted.csv||
2024|Programme Output|Number of Keep Chirundu Clean Campaigns|16.0|||Programme 5: Public Health and Environmental Protection; Output 02.|chirundu_obb_2024.pdf.pdf|||||db-unza26-csc4792-chirundu_town_council_2024_extracted.csv||
2024|Programme Output|Tonnes of Garbage Collected|16.0|||Programme 5: Public Health and Environmental Protection; Output 03.|chirundu_obb_2024.pdf.pdf|||||db-unza26-csc4792-chirundu_town_council_2024_extracted.csv||
2024|Programme Output|Number of Wall fences at Dump Site Constructed (Phase 2)|16.0|||Programme 5: Public Health and Environmental Protection; Output 04.|chirundu_obb_2024.pdf.pdf|||||db-unza26-csc4792-chirundu_town_council_2024_extracted.csv||
2024|Programme Output|Number of Health Education Sensitisations Conducted|16.0|||Programme 5: Public Health and Environmental Protection; Output 05.|chirundu_obb_2024.pdf.pdf|||||db-unza26-csc4792-chirundu_town_council_2024_extracted.csv||
2024|Programme Output|Number of Commemorations Held|16.0|||Programme 5: Public Health and Environmental Protection; Output 06.|chirundu_obb_2024.pdf.pdf|||||db-unza26-csc4792-chirundu_town_council_2024_extracted.csv||
2024|Programme Output|Number of WOF Projects Implemented|18.0|||Programme 6: Housing and Community Amenities; Output 02.|chirundu_obb_2024.pdf.pdf|||||db-unza26-csc4792-chirundu_town_council_2024_extracted.csv||
2024|Programme Output|Number of Public Amenities Maintained|18.0|||Programme 6: Housing and Community Amenities; Output 03.|chirundu_obb_2024.pdf.pdf|||||db-unza26-csc4792-chirundu_town_council_2024_extracted.csv||
2024|Programme Output|Proportion of Sourced Condoms Distributed|23.0|||Programme 9: Social Protection; Output 01.|chirundu_obb_2024.pdf.pdf|||||db-unza26-csc4792-chirundu_town_council_2024_extracted.csv||
2024|Programme Output|Number of Pre-Schools Inspected|23.0|||Programme 9: Social Protection; Output 06.|chirundu_obb_2024.pdf.pdf|||||db-unza26-csc4792-chirundu_town_council_2024_extracted.csv||
2024|Programme Output|Proportion increase to building inspection regulation adherence|25.0|||Programme 10: Public Order and Safety; Output 03.|chirundu_obb_2024.pdf.pdf|||||db-unza26-csc4792-chirundu_town_council_2024_extracted.csv||
2024|Programme Output|Proportion of Twenty Five - minute response time to Fire within a radius of|25.0|||Programme 10: Public Order and Safety; Output 01.|chirundu_obb_2024.pdf.pdf|||||db-unza26-csc4792-chirundu_town_council_2024_extracted.csv||
2024|Programme Output|Number of Procurement plans developed|28.0|||Programme 11: Management and Support Services; Output 01.|chirundu_obb_2024.pdf.pdf|||||db-unza26-csc4792-chirundu_town_council_2024_extracted.csv||
2024|Programme Output|Percentage Reduction of Audit Queries|28.0|||Programme 11: Management and Support Services; Output 01.|chirundu_obb_2024.pdf.pdf|||||db-unza26-csc4792-chirundu_town_council_2024_extracted.csv||
2024|Programme Output|Number Of Financial Statements Prepared|28.0|||Programme 11: Management and Support Services; Output 01.|chirundu_obb_2024.pdf.pdf|||||db-unza26-csc4792-chirundu_town_council_2024_extracted.csv||
2024|Programme Output|"Health Services : | : : | : 100 |"|31.0|||Programme 13: District Health servcies; Output 01.|chirundu_obb_2024.pdf.pdf|||||db-unza26-csc4792-chirundu_town_council_2024_extracted.csv||
2024|Programme Output|"Proportion of Approved Kilometers of Local Roads Maintained (0) | (0) (0) | (0) 100 |"|33.0|||Programme 15: Transport Services; Output 01.|chirundu_obb_2024.pdf.pdf|||||db-unza26-csc4792-chirundu_town_council_2024_extracted.csv||
2024|Budget Summary|Chirundu Town Council Total Budget|2.0|79762187.0|ZMW|Grand total confirmed on page 37; page 2 describes it as approximately K79.7 million.|chirundu_obb_2024.pdf.pdf|||||db-unza26-csc4792-chirundu_town_council_2024_extracted.csv||
2024|Local Revenue|Projected Locally Mobilized Revenue|2.0|||Budget summary reports an increase of over 100 percent; no exact amount is stated.|chirundu_obb_2024.pdf.pdf|||||db-unza26-csc4792-chirundu_town_council_2024_extracted.csv|100.0|Percent increase
2024|Grant|Vehicle Licensing Grant|2.0|3700000.0|ZMW|Grant mentioned in the 2024 budget summary.|chirundu_obb_2024.pdf.pdf|||||db-unza26-csc4792-chirundu_town_council_2024_extracted.csv||
2024|Grant|World Bank Capital Grant|2.0|3700000.0|ZMW|Capital grant mentioned in the 2024 budget summary.|chirundu_obb_2024.pdf.pdf|||||db-unza26-csc4792-chirundu_town_council_2024_extracted.csv||
2025|Local Revenue|Residential|3.0|202069.0|ZMW|Revenue code 001; group: Local taxes/rates.|chirundu_obb_2025.pdf.pdf|||||db-unza26-csc4792-chirundu_town_council_2025_extracted.csv||
2025|Local Revenue|Commercial|3.0|253425.0|ZMW|Revenue code 002; group: Local taxes/rates.|chirundu_obb_2025.pdf.pdf|||||db-unza26-csc4792-chirundu_town_council_2025_extracted.csv||
2025|Local Revenue|Hospitality|3.0|294521.0|ZMW|Revenue code 004; group: Local taxes/rates.|chirundu_obb_2025.pdf.pdf|||||db-unza26-csc4792-chirundu_town_council_2025_extracted.csv||
2025|Local Revenue|Personal levy|3.0|45000.0|ZMW|Revenue code 001; group: Local taxes/rates.|chirundu_obb_2025.pdf.pdf|||||db-unza26-csc4792-chirundu_town_council_2025_extracted.csv||
2025|Local Revenue|Survey fees|3.0|28600.0|ZMW|Revenue code 002; group: Fees and Charges.|chirundu_obb_2025.pdf.pdf|||||db-unza26-csc4792-chirundu_town_council_2025_extracted.csv||
2025|Local Revenue|Building inspection-fees|3.0|20000.0|ZMW|Revenue code 003; group: Fees and Charges.|chirundu_obb_2025.pdf.pdf|||||db-unza26-csc4792-chirundu_town_council_2025_extracted.csv||
2025|Local Revenue|Plan scrutiny fee|3.0|50041.0|ZMW|Revenue code 004; group: Fees and Charges.|chirundu_obb_2025.pdf.pdf|||||db-unza26-csc4792-chirundu_town_council_2025_extracted.csv||
2025|Local Revenue|Change of premise use|3.0|27800.0|ZMW|Revenue code 005; group: Fees and Charges.|chirundu_obb_2025.pdf.pdf|||||db-unza26-csc4792-chirundu_town_council_2025_extracted.csv||
2025|Local Revenue|Rentals/lease of Council’s properties|3.0|9100.0|ZMW|Revenue code 007; group: Fees and Charges.|chirundu_obb_2025.pdf.pdf|||||db-unza26-csc4792-chirundu_town_council_2025_extracted.csv||
2025|Local Revenue|Search fees|3.0|500.0|ZMW|Revenue code 011; group: Fees and Charges.|chirundu_obb_2025.pdf.pdf|||||db-unza26-csc4792-chirundu_town_council_2025_extracted.csv||
2025|Local Revenue|Notice board advert fees|3.0|3000.0|ZMW|Revenue code 012; group: Fees and Charges.|chirundu_obb_2025.pdf.pdf|||||db-unza26-csc4792-chirundu_town_council_2025_extracted.csv||
2025|Local Revenue|Market fees|3.0|50206.0|ZMW|Revenue code 013; group: Fees and Charges.|chirundu_obb_2025.pdf.pdf|||||db-unza26-csc4792-chirundu_town_council_2025_extracted.csv||
2025|Local Revenue|Parking fees|3.0|28078895.0|ZMW|Revenue code 014; group: Fees and Charges.|chirundu_obb_2025.pdf.pdf|||||db-unza26-csc4792-chirundu_town_council_2025_extracted.csv||
2025|Local Revenue|Loading fees (buses, trucks, trains, taxies etc.)|3.0|31500.0|ZMW|Revenue code 016; group: Fees and Charges.|chirundu_obb_2025.pdf.pdf|||||db-unza26-csc4792-chirundu_town_council_2025_extracted.csv||
2025|Local Revenue|Hire of halls|3.0|10000.0|ZMW|Revenue code 020; group: Fees and Charges.|chirundu_obb_2025.pdf.pdf|||||db-unza26-csc4792-chirundu_town_council_2025_extracted.csv||
2025|Local Revenue|Refuse disposal|3.0|200000.0|ZMW|Revenue code 033; group: Fees and Charges.|chirundu_obb_2025.pdf.pdf|||||db-unza26-csc4792-chirundu_town_council_2025_extracted.csv||
2025|Local Revenue|Notice of marriage fees|3.0|20000.0|ZMW|Revenue code 045; group: Fees and Charges.|chirundu_obb_2025.pdf.pdf|||||db-unza26-csc4792-chirundu_town_council_2025_extracted.csv||
2025|Local Revenue|Registration of clubs and societies|3.0|11600.0|ZMW|Revenue code 047; group: Fees and Charges.|chirundu_obb_2025.pdf.pdf|||||db-unza26-csc4792-chirundu_town_council_2025_extracted.csv||
2025|Local Revenue|Land Record|3.0|10000.0|ZMW|Revenue code 059; group: Fees and Charges.|chirundu_obb_2025.pdf.pdf|||||db-unza26-csc4792-chirundu_town_council_2025_extracted.csv||
2025|Local Revenue|Billboards and banners|3.0|70000.0|ZMW|Revenue code 063; group: Fees and Charges.|chirundu_obb_2025.pdf.pdf|||||db-unza26-csc4792-chirundu_town_council_2025_extracted.csv||
2025|Local Revenue|Hire of Transport and Equipment|3.0|250000.0|ZMW|Revenue code 064; group: Fees and Charges.|chirundu_obb_2025.pdf.pdf|||||db-unza26-csc4792-chirundu_town_council_2025_extracted.csv||
2025|Local Revenue|Penalties|3.0|30000.0|ZMW|Revenue code 066; group: Fees and Charges.|chirundu_obb_2025.pdf.pdf|||||db-unza26-csc4792-chirundu_town_council_2025_extracted.csv||
2025|Local Revenue|Ablution Fee|3.0|80000.0|ZMW|Revenue code 067; group: Fees and Charges.|chirundu_obb_2025.pdf.pdf|||||db-unza26-csc4792-chirundu_town_council_2025_extracted.csv||
2025|Local Revenue|Booth fees|3.0|50000.0|ZMW|Revenue code 072; group: Fees and Charges.|chirundu_obb_2025.pdf.pdf|||||db-unza26-csc4792-chirundu_town_council_2025_extracted.csv||
2025|Local Revenue|Telecommunication site rentals|3.0|35000.0|ZMW|Revenue code 082; group: Fees and Charges.|chirundu_obb_2025.pdf.pdf|||||db-unza26-csc4792-chirundu_town_council_2025_extracted.csv||
2025|Local Revenue|Other fees and charges|3.0|75500.0|ZMW|Revenue code 099; group: Fees and Charges.|chirundu_obb_2025.pdf.pdf|||||db-unza26-csc4792-chirundu_town_council_2025_extracted.csv||
2025|Local Revenue|Occupancy licence|3.0|14500.0|ZMW|Revenue code 001; group: Licenses.|chirundu_obb_2025.pdf.pdf|||||db-unza26-csc4792-chirundu_town_council_2025_extracted.csv||
2025|Local Revenue|Liquor licence|3.0|200000.0|ZMW|Revenue code 002; group: Licenses.|chirundu_obb_2025.pdf.pdf|||||db-unza26-csc4792-chirundu_town_council_2025_extracted.csv||
2025|Local Revenue|Firearm and ammunition licence|3.0|25980.0|ZMW|Revenue code 003; group: Licenses.|chirundu_obb_2025.pdf.pdf|||||db-unza26-csc4792-chirundu_town_council_2025_extracted.csv||
2025|Local Revenue|Petroleum Storage licence|3.0|162000.0|ZMW|Revenue code 004; group: Licenses.|chirundu_obb_2025.pdf.pdf|||||db-unza26-csc4792-chirundu_town_council_2025_extracted.csv||
2025|Local Revenue|Dog licence|3.0|8000.0|ZMW|Revenue code 005; group: Licenses.|chirundu_obb_2025.pdf.pdf|||||db-unza26-csc4792-chirundu_town_council_2025_extracted.csv||
2025|Local Revenue|Other Licences|3.0|95000.0|ZMW|Revenue code 099; group: Licenses.|chirundu_obb_2025.pdf.pdf|||||db-unza26-csc4792-chirundu_town_council_2025_extracted.csv||
2025|Local Revenue|Livestock Movement levy|4.0|65649.0|ZMW|Revenue code 001; group: Levies.|chirundu_obb_2025.pdf.pdf|||||db-unza26-csc4792-chirundu_town_council_2025_extracted.csv||
2025|Local Revenue|Fish levy|4.0|10000.0|ZMW|Revenue code 003; group: Levies.|chirundu_obb_2025.pdf.pdf|||||db-unza26-csc4792-chirundu_town_council_2025_extracted.csv||
2025|Local Revenue|Pole levy|4.0|1500.0|ZMW|Revenue code 004; group: Levies.|chirundu_obb_2025.pdf.pdf|||||db-unza26-csc4792-chirundu_town_council_2025_extracted.csv||
2025|Local Revenue|Charcoal levy|4.0|70000.0|ZMW|Revenue code 005; group: Levies.|chirundu_obb_2025.pdf.pdf|||||db-unza26-csc4792-chirundu_town_council_2025_extracted.csv||
2025|Local Revenue|Sand levy|4.0|30739.0|ZMW|Revenue code 006; group: Levies.|chirundu_obb_2025.pdf.pdf|||||db-unza26-csc4792-chirundu_town_council_2025_extracted.csv||
2025|Local Revenue|Timber Levy|4.0|1000.0|ZMW|Revenue code 010; group: Levies.|chirundu_obb_2025.pdf.pdf|||||db-unza26-csc4792-chirundu_town_council_2025_extracted.csv||
2025|Local Revenue|Other levies|4.0|52499.0|ZMW|Revenue code 099; group: Levies.|chirundu_obb_2025.pdf.pdf|||||db-unza26-csc4792-chirundu_town_council_2025_extracted.csv||
2025|Local Revenue|Health permits|4.0|500000.0|ZMW|Revenue code 001; group: Permits.|chirundu_obb_2025.pdf.pdf|||||db-unza26-csc4792-chirundu_town_council_2025_extracted.csv||
2025|Local Revenue|Permit for opaque beer|4.0|113600.0|ZMW|Revenue code 002; group: Permits.|chirundu_obb_2025.pdf.pdf|||||db-unza26-csc4792-chirundu_town_council_2025_extracted.csv||
2025|Local Revenue|Herbalist permit|4.0|480.0|ZMW|Revenue code 003; group: Permits.|chirundu_obb_2025.pdf.pdf|||||db-unza26-csc4792-chirundu_town_council_2025_extracted.csv||
2025|Local Revenue|Burial permits and grave sites|4.0|20000.0|ZMW|Revenue code 008; group: Permits.|chirundu_obb_2025.pdf.pdf|||||db-unza26-csc4792-chirundu_town_council_2025_extracted.csv||
2025|Local Revenue|Fire certificate|4.0|400000.0|ZMW|Revenue code 009; group: Permits.|chirundu_obb_2025.pdf.pdf|||||db-unza26-csc4792-chirundu_town_council_2025_extracted.csv||
2025|Local Revenue|Extension of Business hours permits|4.0|1500000.0|ZMW|Revenue code 010; group: Permits.|chirundu_obb_2025.pdf.pdf|||||db-unza26-csc4792-chirundu_town_council_2025_extracted.csv||
2025|Local Revenue|Social gathering permit|4.0|3750.0|ZMW|Revenue code 011; group: Permits.|chirundu_obb_2025.pdf.pdf|||||db-unza26-csc4792-chirundu_town_council_2025_extracted.csv||
2025|Local Revenue|Primary, Secondary and Tertiary permits|4.0|23750.0|ZMW|Revenue code 099; group: Permits.|chirundu_obb_2025.pdf.pdf|||||db-unza26-csc4792-chirundu_town_council_2025_extracted.csv||
2025|Local Revenue|Service Charges Residential plots|4.0|20000.0|ZMW|Revenue code 001; group: Charges.|chirundu_obb_2025.pdf.pdf|||||db-unza26-csc4792-chirundu_town_council_2025_extracted.csv||
2025|Local Revenue|Service Charges Industrial plots|4.0|10000.0|ZMW|Revenue code 002; group: Charges.|chirundu_obb_2025.pdf.pdf|||||db-unza26-csc4792-chirundu_town_council_2025_extracted.csv||
2025|Local Revenue|Other Income|4.0|309765.0|ZMW|Revenue code 099; group: Other Incomes.|chirundu_obb_2025.pdf.pdf|||||db-unza26-csc4792-chirundu_town_council_2025_extracted.csv||
2025|CDF|Constituency Development Fund|4.0|36058151.0|ZMW|Revenue code 001; group: National Support (Grants).|chirundu_obb_2025.pdf.pdf|||||db-unza26-csc4792-chirundu_town_council_2025_extracted.csv||
2025|Revenue|Roads Grant|4.0|3200587.0|ZMW|Revenue code 002; group: National Support (Grants).|chirundu_obb_2025.pdf.pdf|||||db-unza26-csc4792-chirundu_town_council_2025_extracted.csv||
2025|LGEF|Local Government Equalisation Fund|4.0|8400000.0|ZMW|Revenue code 004; group: National Support (Grants).|chirundu_obb_2025.pdf.pdf|||||db-unza26-csc4792-chirundu_town_council_2025_extracted.csv||
2025|Revenue|Grants in lieu of Rates|4.0|150000.0|ZMW|Revenue code 005; group: National Support (Grants).|chirundu_obb_2025.pdf.pdf|||||db-unza26-csc4792-chirundu_town_council_2025_extracted.csv||
2025|Revenue|Other Grants|4.0|13205708.0|ZMW|Revenue code 099; group: National Support (Grants).|chirundu_obb_2025.pdf.pdf|||||db-unza26-csc4792-chirundu_town_council_2025_extracted.csv||
2025|Revenue|Capital Grant Credit ($300k)|4.0|8340000.0|ZMW|Revenue code 002; group: National Support (Grants).|chirundu_obb_2025.pdf.pdf|||||db-unza26-csc4792-chirundu_town_council_2025_extracted.csv||
2025|Local Revenue|Surplus/Deficit from Commercial Ventures|4.0|1000000.0|ZMW|Revenue code 002; group: Other Incomes. Added after OCR review.|chirundu_obb_2025.pdf.pdf|||||db-unza26-csc4792-chirundu_town_council_2025_extracted.csv||
2025|Programme|Constituency Development|7.0|36058150.0|ZMW|Programme code 1; 2025 budget allocation.|chirundu_obb_2025.pdf.pdf|||||db-unza26-csc4792-chirundu_town_council_2025_extracted.csv||
2025|Programme|Local Governance|7.0|3548140.0|ZMW|Programme code 2; 2025 budget allocation.|chirundu_obb_2025.pdf.pdf|||||db-unza26-csc4792-chirundu_town_council_2025_extracted.csv||
2025|Programme|Integrated Development Planning|7.0|5329132.0|ZMW|Programme code 3; 2025 budget allocation.|chirundu_obb_2025.pdf.pdf|||||db-unza26-csc4792-chirundu_town_council_2025_extracted.csv||
2025|Programme|Economic and Business Development|7.0|1007948.0|ZMW|Programme code 4; 2025 budget allocation.|chirundu_obb_2025.pdf.pdf|||||db-unza26-csc4792-chirundu_town_council_2025_extracted.csv||
2025|Programme|Public Health and Environmental Protection|7.0|4038834.0|ZMW|Programme code 5; 2025 budget allocation.|chirundu_obb_2025.pdf.pdf|||||db-unza26-csc4792-chirundu_town_council_2025_extracted.csv||
2025|Programme|Housing and Community Amenities|7.0|10232353.0|ZMW|Programme code 6; 2025 budget allocation.|chirundu_obb_2025.pdf.pdf|||||db-unza26-csc4792-chirundu_town_council_2025_extracted.csv||
2025|Programme|Recreation Culture and Religion|7.0|736244.0|ZMW|Programme code 7; 2025 budget allocation.|chirundu_obb_2025.pdf.pdf|||||db-unza26-csc4792-chirundu_town_council_2025_extracted.csv||
2025|Programme|Education and Skills Development|7.0|19241.0|ZMW|Programme code 8; 2025 budget allocation.|chirundu_obb_2025.pdf.pdf|||||db-unza26-csc4792-chirundu_town_council_2025_extracted.csv||
2025|Programme|Public Order and Safety|7.0|5253277.0|ZMW|Programme code 10; 2025 budget allocation.|chirundu_obb_2025.pdf.pdf|||||db-unza26-csc4792-chirundu_town_council_2025_extracted.csv||
2025|Programme|Management and Support Services|7.0|13868479.0|ZMW|Programme code 11; 2025 budget allocation.|chirundu_obb_2025.pdf.pdf|||||db-unza26-csc4792-chirundu_town_council_2025_extracted.csv||
2025|Programme|Resource Mobilisation and Management|7.0|6883118.0|ZMW|Programme code 12; 2025 budget allocation.|chirundu_obb_2025.pdf.pdf|||||db-unza26-csc4792-chirundu_town_council_2025_extracted.csv||
2025|Programme|District Health Services|7.0|1467387.0|ZMW|Programme code 13; 2025 budget allocation.|chirundu_obb_2025.pdf.pdf|||||db-unza26-csc4792-chirundu_town_council_2025_extracted.csv||
2025|Programme|Transport Services|7.0|3252077.0|ZMW|Programme code 15; 2025 budget allocation.|chirundu_obb_2025.pdf.pdf|||||db-unza26-csc4792-chirundu_town_council_2025_extracted.csv||
2025|Programme|Agricultural Services|7.0|481034.0|ZMW|Programme code 16; 2025 budget allocation.|chirundu_obb_2025.pdf.pdf|||||db-unza26-csc4792-chirundu_town_council_2025_extracted.csv||
2025|Programme|Fisheries and Livestock|7.0|795925.0|ZMW|Programme code 17; 2025 budget allocation.|chirundu_obb_2025.pdf.pdf|||||db-unza26-csc4792-chirundu_town_council_2025_extracted.csv||
2025|Programme|Social Protection and Community Development|7.0|10958076.0|ZMW|Programme code 18; 2025 budget allocation.|chirundu_obb_2025.pdf.pdf|||||db-unza26-csc4792-chirundu_town_council_2025_extracted.csv||
2025|Output|Percentage of Community Projects implemented|14.0||ZMW|Programme 1: Constituency Development; Key output: None; Indicator 01.|chirundu_obb_2025.pdf.pdf|||||db-unza26-csc4792-chirundu_town_council_2025_extracted.csv|100.0|percent
2025|Output|Percentage of approved grant applicants empowered|14.0||ZMW|Programme 1: Constituency Development; Key output: None; Indicator 01.|chirundu_obb_2025.pdf.pdf|||||db-unza26-csc4792-chirundu_town_council_2025_extracted.csv|100.0|percent
2025|Output|Percentage of approved loan applicants empowered|14.0||ZMW|Programme 1: Constituency Development; Key output: None; Indicator 02.|chirundu_obb_2025.pdf.pdf|||||db-unza26-csc4792-chirundu_town_council_2025_extracted.csv|100.0|percent
2025|Output|Number of monitoring and evaluation activities conducted|14.0||ZMW|Programme 1: Constituency Development; Key output: None; Indicator 01.|chirundu_obb_2025.pdf.pdf|||||db-unza26-csc4792-chirundu_town_council_2025_extracted.csv|8.0|count
2025|Output|Number of project appraisals carried out|14.0||ZMW|Programme 1: Constituency Development; Key output: None; Indicator 02.|chirundu_obb_2025.pdf.pdf|||||db-unza26-csc4792-chirundu_town_council_2025_extracted.csv|2.0|count
2025|Output|Percentage approved Skills bursaries applicants sponsored|14.0||ZMW|Programme 1: Constituency Development; Key output: None; Indicator 01.|chirundu_obb_2025.pdf.pdf|||||db-unza26-csc4792-chirundu_town_council_2025_extracted.csv|100.0|percent
2025|Output|Percentage approved Secondary bursaries applicants sponsored|14.0||ZMW|Programme 1: Constituency Development; Key output: None; Indicator 02.|chirundu_obb_2025.pdf.pdf|||||db-unza26-csc4792-chirundu_town_council_2025_extracted.csv|100.0|percent
2025|Output|Number of Ordinary Council Meetings Held|16.0||ZMW|Programme 2: Local Governance; Key output: None; Indicator 01.|chirundu_obb_2025.pdf.pdf|||||db-unza26-csc4792-chirundu_town_council_2025_extracted.csv|4.0|count
2025|Output|Number of Committee Meetings Held|16.0||ZMW|Programme 2: Local Governance; Key output: None; Indicator 02.|chirundu_obb_2025.pdf.pdf|||||db-unza26-csc4792-chirundu_town_council_2025_extracted.csv|21.0|count
2025|Output|Number of Special Full Council Meetings Held|16.0||ZMW|Programme 2: Local Governance; Key output: None; Indicator 03.|chirundu_obb_2025.pdf.pdf|||||db-unza26-csc4792-chirundu_town_council_2025_extracted.csv|2.0|count
2025|Output|Number of Human Resource Committee Meetings held|16.0||ZMW|Programme 2: Local Governance; Key output: None; Indicator 01.|chirundu_obb_2025.pdf.pdf|||||db-unza26-csc4792-chirundu_town_council_2025_extracted.csv|4.0|count
2025|Output|Number of Intergrity Committees Meetings held|16.0||ZMW|Programme 2: Local Governance; Key output: None; Indicator 01.|chirundu_obb_2025.pdf.pdf|||||db-unza26-csc4792-chirundu_town_council_2025_extracted.csv|4.0|count
2025|Output|Number of Stakeholder Meetings held|16.0||ZMW|Programme 2: Local Governance; Key output: None; Indicator 04.|chirundu_obb_2025.pdf.pdf|||||db-unza26-csc4792-chirundu_town_council_2025_extracted.csv|10.0|count
2025|Output|Number of Environmental Social and Governance workshops (Truck Park|18.0||ZMW|Programme 3: Integrated Development Planning; Key output: None; Indicator 01.|chirundu_obb_2025.pdf.pdf|||||db-unza26-csc4792-chirundu_town_council_2025_extracted.csv|20.0|count
2025|Output|Number of environmental monitoring inspections|18.0||ZMW|Programme 3: Integrated Development Planning; Key output: None; Indicator 02.|chirundu_obb_2025.pdf.pdf|||||db-unza26-csc4792-chirundu_town_council_2025_extracted.csv|12.0|count
2025|Output|Number of Commemorations held|18.0||ZMW|Programme 3: Integrated Development Planning; Key output: None; Indicator 01.|chirundu_obb_2025.pdf.pdf|||||db-unza26-csc4792-chirundu_town_council_2025_extracted.csv|5.0|count
2025|Output|Number of Stakeholder engagement meetings|18.0||ZMW|Programme 3: Integrated Development Planning; Key output: None; Indicator 02.|chirundu_obb_2025.pdf.pdf|||||db-unza26-csc4792-chirundu_town_council_2025_extracted.csv|5.0|count
2025|Output|Establishement of Environmental Management Committees|18.0||ZMW|Programme 3: Integrated Development Planning; Key output: None; Indicator 02.|chirundu_obb_2025.pdf.pdf|||||db-unza26-csc4792-chirundu_town_council_2025_extracted.csv|12.0|value
2025|Output|Number of PDCC Meetings attended|18.0||ZMW|Programme 3: Integrated Development Planning; Key output: None; Indicator 02.|chirundu_obb_2025.pdf.pdf|||||db-unza26-csc4792-chirundu_town_council_2025_extracted.csv|4.0|count
2025|Output|Number of WDCs operational|18.0||ZMW|Programme 3: Integrated Development Planning; Key output: None; Indicator 01.|chirundu_obb_2025.pdf.pdf|||||db-unza26-csc4792-chirundu_town_council_2025_extracted.csv|12.0|count
2025|Output|GBV Work place Policy formulated|18.0||ZMW|Programme 3: Integrated Development Planning; Key output: None; Indicator 01.|chirundu_obb_2025.pdf.pdf|||||db-unza26-csc4792-chirundu_town_council_2025_extracted.csv|1.0|value
2025|Output|Number of poster, flyers and brochures distributed|18.0||ZMW|Programme 3: Integrated Development Planning; Key output: None; Indicator 01.|chirundu_obb_2025.pdf.pdf|||||db-unza26-csc4792-chirundu_town_council_2025_extracted.csv|5000.0|count
2025|Output|Number of commemorations held|18.0||ZMW|Programme 3: Integrated Development Planning; Key output: None; Indicator 02.|chirundu_obb_2025.pdf.pdf|||||db-unza26-csc4792-chirundu_town_council_2025_extracted.csv|2.0|count
2025|Output|Number of DHAC meetings held|18.0||ZMW|Programme 3: Integrated Development Planning; Key output: None; Indicator 01.|chirundu_obb_2025.pdf.pdf|||||db-unza26-csc4792-chirundu_town_council_2025_extracted.csv|4.0|count
2025|Output|Percentage of received condoms distributed|18.0||ZMW|Programme 3: Integrated Development Planning; Key output: None; Indicator 01.|chirundu_obb_2025.pdf.pdf|||||db-unza26-csc4792-chirundu_town_council_2025_extracted.csv|100000.0|percent
2025|Output|Number of Plots beaconed|18.0||ZMW|Programme 3: Integrated Development Planning; Key output: None; Indicator 01.|chirundu_obb_2025.pdf.pdf|||||db-unza26-csc4792-chirundu_town_council_2025_extracted.csv|1350.0|count
2025|Output|Number of Council Title Deeds acquired|18.0||ZMW|Programme 3: Integrated Development Planning; Key output: None; Indicator 01.|chirundu_obb_2025.pdf.pdf|||||db-unza26-csc4792-chirundu_town_council_2025_extracted.csv|3.0|count
2025|Output|Number of Layouts Printed|18.0||ZMW|Programme 3: Integrated Development Planning; Key output: None; Indicator 01.|chirundu_obb_2025.pdf.pdf|||||db-unza26-csc4792-chirundu_town_council_2025_extracted.csv|7.0|count
2025|Output|Number of unplanned settlements upgraded|18.0||ZMW|Programme 3: Integrated Development Planning; Key output: None; Indicator 02.|chirundu_obb_2025.pdf.pdf|||||db-unza26-csc4792-chirundu_town_council_2025_extracted.csv|1.0|count
2025|Output|Number of Local Area Plans prepared|18.0||ZMW|Programme 3: Integrated Development Planning; Key output: None; Indicator 03.|chirundu_obb_2025.pdf.pdf|||||db-unza26-csc4792-chirundu_town_council_2025_extracted.csv|1.0|count
2025|Output|Number of Development Control exercises conducted|18.0||ZMW|Programme 3: Integrated Development Planning; Key output: None; Indicator 01.|chirundu_obb_2025.pdf.pdf|||||db-unza26-csc4792-chirundu_town_council_2025_extracted.csv|52.0|count
2025|Output|Percentage increase in the production capacity of pavers and blocks|20.0||ZMW|Programme 4: Economic and Business Development; Key output: None; Indicator 01.|chirundu_obb_2025.pdf.pdf|||||db-unza26-csc4792-chirundu_town_council_2025_extracted.csv|23.0|percent
2025|Output|Number of Truck Parks constructed|20.0||ZMW|Programme 4: Economic and Business Development; Key output: None; Indicator 01.|chirundu_obb_2025.pdf.pdf|||||db-unza26-csc4792-chirundu_town_council_2025_extracted.csv|1.0|count
2025|Output|Percentage of Burial permits issued against applied|22.0||ZMW|Programme 5: Public Health and Environmental Protection; Key output: None; Indicator 01.|chirundu_obb_2025.pdf.pdf|||||db-unza26-csc4792-chirundu_town_council_2025_extracted.csv|100.0|percent
2025|Output|Percentage of graves marked|22.0||ZMW|Programme 5: Public Health and Environmental Protection; Key output: None; Indicator 02.|chirundu_obb_2025.pdf.pdf|||||db-unza26-csc4792-chirundu_town_council_2025_extracted.csv|100.0|percent
2025|Output|Percentage of body repartriated|22.0||ZMW|Programme 5: Public Health and Environmental Protection; Key output: None; Indicator 03.|chirundu_obb_2025.pdf.pdf|||||db-unza26-csc4792-chirundu_town_council_2025_extracted.csv|100.0|percent
2025|Output|Number of premises Inspected|22.0||ZMW|Programme 5: Public Health and Environmental Protection; Key output: None; Indicator 01.|chirundu_obb_2025.pdf.pdf|||||db-unza26-csc4792-chirundu_town_council_2025_extracted.csv|600.0|count
2025|Output|Number of keep Chirundu clean campaigns conducted|22.0||ZMW|Programme 5: Public Health and Environmental Protection; Key output: None; Indicator 02.|chirundu_obb_2025.pdf.pdf|||||db-unza26-csc4792-chirundu_town_council_2025_extracted.csv|52.0|count
2025|Output|Number of (8 Ton) Truck Loads of garbage collected|22.0||ZMW|Programme 5: Public Health and Environmental Protection; Key output: None; Indicator 01.|chirundu_obb_2025.pdf.pdf|||||db-unza26-csc4792-chirundu_town_council_2025_extracted.csv|1560.0|count
2025|Output|Number of stakeholders meeting held|22.0||ZMW|Programme 5: Public Health and Environmental Protection; Key output: None; Indicator 01.|chirundu_obb_2025.pdf.pdf|||||db-unza26-csc4792-chirundu_town_council_2025_extracted.csv|12.0|count
2025|Output|Number of IEC Materials distributed|22.0||ZMW|Programme 5: Public Health and Environmental Protection; Key output: None; Indicator 02.|chirundu_obb_2025.pdf.pdf|||||db-unza26-csc4792-chirundu_town_council_2025_extracted.csv|100.0|count
2025|Output|Comemorations held|22.0||ZMW|Programme 5: Public Health and Environmental Protection; Key output: None; Indicator 03.|chirundu_obb_2025.pdf.pdf|||||db-unza26-csc4792-chirundu_town_council_2025_extracted.csv|3.0|value
2025|Output|Number of Solar powered boreholes drilled and installed|22.0||ZMW|Programme 5: Public Health and Environmental Protection; Key output: None; Indicator 01.|chirundu_obb_2025.pdf.pdf|||||db-unza26-csc4792-chirundu_town_council_2025_extracted.csv|15.0|count
2025|Output|Number of Commemorations Held|22.0||ZMW|Programme 5: Public Health and Environmental Protection; Key output: None; Indicator 01.|chirundu_obb_2025.pdf.pdf|||||db-unza26-csc4792-chirundu_town_council_2025_extracted.csv|3.0|count
2025|Output|Number of Community Champions (CCs) Trained|22.0||ZMW|Programme 5: Public Health and Environmental Protection; Key output: None; Indicator 01.|chirundu_obb_2025.pdf.pdf|||||db-unza26-csc4792-chirundu_town_council_2025_extracted.csv|20.0|count
2025|Output|Number of Water Points Mapping Exercise|22.0||ZMW|Programme 5: Public Health and Environmental Protection; Key output: None; Indicator 01.|chirundu_obb_2025.pdf.pdf|||||db-unza26-csc4792-chirundu_town_council_2025_extracted.csv|1.0|count
2025|Output|Proportion of Approved Township Roads Maintained|24.0||ZMW|Programme 6: Housing and Community Amenities; Key output: None; Indicator 01.|chirundu_obb_2025.pdf.pdf|||||db-unza26-csc4792-chirundu_town_council_2025_extracted.csv|100.0|value
2025|Output|Number of Construction Projects Monitored|24.0||ZMW|Programme 6: Housing and Community Amenities; Key output: None; Indicator 02.|chirundu_obb_2025.pdf.pdf|||||db-unza26-csc4792-chirundu_town_council_2025_extracted.csv|15.0|count
2025|Output|Number of Public Amenities Maintained|24.0||ZMW|Programme 6: Housing and Community Amenities; Key output: None; Indicator 03.|chirundu_obb_2025.pdf.pdf|||||db-unza26-csc4792-chirundu_town_council_2025_extracted.csv|0.0|count
2025|Output|Proportion increase to building inspection regulation adherance|24.0||ZMW|Programme 6: Housing and Community Amenities; Key output: None; Indicator 01.|chirundu_obb_2025.pdf.pdf|||||db-unza26-csc4792-chirundu_town_council_2025_extracted.csv|25.0|value
2025|Output|Number of Street Lights Maintained|24.0||ZMW|Programme 6: Housing and Community Amenities; Key output: None; Indicator 01.|chirundu_obb_2025.pdf.pdf|||||db-unza26-csc4792-chirundu_town_council_2025_extracted.csv|20.0|count
2025|Output|Number of Solar powered street lights installed|24.0||ZMW|Programme 6: Housing and Community Amenities; Key output: None; Indicator 02.|chirundu_obb_2025.pdf.pdf|||||db-unza26-csc4792-chirundu_town_council_2025_extracted.csv|10.0|count
2025|Output|Number of Traditional Ceremonies supported|26.0||ZMW|Programme 7: Recreation Culture and Religion; Key output: None; Indicator 01.|chirundu_obb_2025.pdf.pdf|||||db-unza26-csc4792-chirundu_town_council_2025_extracted.csv|2.0|count
2025|Output|Number of Inventories of all cultural practices conducted|26.0||ZMW|Programme 7: Recreation Culture and Religion; Key output: None; Indicator 01.|chirundu_obb_2025.pdf.pdf|||||db-unza26-csc4792-chirundu_town_council_2025_extracted.csv|2.0|count
2025|Output|Number of cultural and creative industries managed in the district|26.0||ZMW|Programme 7: Recreation Culture and Religion; Key output: None; Indicator 01.|chirundu_obb_2025.pdf.pdf|||||db-unza26-csc4792-chirundu_town_council_2025_extracted.csv|1.0|count
2025|Output|Number of monitoring and evaluation visits conducted|26.0||ZMW|Programme 7: Recreation Culture and Religion; Key output: None; Indicator 01.|chirundu_obb_2025.pdf.pdf|||||db-unza26-csc4792-chirundu_town_council_2025_extracted.csv|1.0|count
2025|Output|Number of community mobilisations conducted|26.0||ZMW|Programme 7: Recreation Culture and Religion; Key output: None; Indicator 01.|chirundu_obb_2025.pdf.pdf|||||db-unza26-csc4792-chirundu_town_council_2025_extracted.csv|1.0|count
2025|Output|Number of Sports Tournaments conducted|26.0||ZMW|Programme 7: Recreation Culture and Religion; Key output: None; Indicator 01.|chirundu_obb_2025.pdf.pdf|||||db-unza26-csc4792-chirundu_town_council_2025_extracted.csv|4.0|count
2025|Output|Number of Sports Associations registered|26.0||ZMW|Programme 7: Recreation Culture and Religion; Key output: None; Indicator 02.|chirundu_obb_2025.pdf.pdf|||||db-unza26-csc4792-chirundu_town_council_2025_extracted.csv|20.0|count
2025|Output|Number of Sports Associations affiliated|26.0||ZMW|Programme 7: Recreation Culture and Religion; Key output: None; Indicator 03.|chirundu_obb_2025.pdf.pdf|||||db-unza26-csc4792-chirundu_town_council_2025_extracted.csv|5.0|count
2025|Output|Number of Sports recreational activities conducted|26.0||ZMW|Programme 7: Recreation Culture and Religion; Key output: None; Indicator 04.|chirundu_obb_2025.pdf.pdf|||||db-unza26-csc4792-chirundu_town_council_2025_extracted.csv|2.0|count
2025|Output|Number of Coaching Clinic held|26.0||ZMW|Programme 7: Recreation Culture and Religion; Key output: None; Indicator 05.|chirundu_obb_2025.pdf.pdf|||||db-unza26-csc4792-chirundu_town_council_2025_extracted.csv|2.0|count
2025|Output|Number of National Sports Policy sensitisation meetings held|26.0||ZMW|Programme 7: Recreation Culture and Religion; Key output: None; Indicator 01.|chirundu_obb_2025.pdf.pdf|||||db-unza26-csc4792-chirundu_town_council_2025_extracted.csv|1.0|count
2025|Output|Percentage of District departments surveyed|28.0||ZMW|Programme 8: Education and Skills Development; Key output: None; Indicator 01.|chirundu_obb_2025.pdf.pdf|||||db-unza26-csc4792-chirundu_town_council_2025_extracted.csv|100.0|percent
2025|Output|Percentage of NA17 boxes collected in a quarter|28.0||ZMW|Programme 8: Education and Skills Development; Key output: None; Indicator 01.|chirundu_obb_2025.pdf.pdf|||||db-unza26-csc4792-chirundu_town_council_2025_extracted.csv|100.0|percent
2025|Output|percentage of NA17 boxes processed and shelved in a quarter|28.0||ZMW|Programme 8: Education and Skills Development; Key output: None; Indicator 01.|chirundu_obb_2025.pdf.pdf|||||db-unza26-csc4792-chirundu_town_council_2025_extracted.csv|40.0|percent
2025|Output|Number of preschool inspections conducted|28.0||ZMW|Programme 8: Education and Skills Development; Key output: None; Indicator 01.|chirundu_obb_2025.pdf.pdf|||||db-unza26-csc4792-chirundu_town_council_2025_extracted.csv|0.0|count
2025|Output|Number of enforcements carried out|30.0||ZMW|Programme 10: Public Order and Safety; Key output: None; Indicator 01.|chirundu_obb_2025.pdf.pdf|||||db-unza26-csc4792-chirundu_town_council_2025_extracted.csv|12.0|count
2025|Output|Number of building regulations inspections conducted|30.0||ZMW|Programme 10: Public Order and Safety; Key output: None; Indicator 01.|chirundu_obb_2025.pdf.pdf|||||db-unza26-csc4792-chirundu_town_council_2025_extracted.csv|0.0|count
2025|Output|Proportion of Twenty Five - minute response time to distress calls within a|30.0||ZMW|Programme 10: Public Order and Safety; Key output: None; Indicator 01.|chirundu_obb_2025.pdf.pdf|||||db-unza26-csc4792-chirundu_town_council_2025_extracted.csv|100.0|value
2025|Output|Proportion increase in adherence to Fire Regulations|30.0||ZMW|Programme 10: Public Order and Safety; Key output: None; Indicator 02.|chirundu_obb_2025.pdf.pdf|||||db-unza26-csc4792-chirundu_town_council_2025_extracted.csv|85.0|value
2025|Output|Percentage of principal debt liquidated|33.0||ZMW|Programme 11: Management and Support Services; Key output: None; Indicator 01.|chirundu_obb_2025.pdf.pdf|||||db-unza26-csc4792-chirundu_town_council_2025_extracted.csv|27.0|percent
2025|Output|Number of Procurement plans developed|33.0||ZMW|Programme 11: Management and Support Services; Key output: None; Indicator 01.|chirundu_obb_2025.pdf.pdf|||||db-unza26-csc4792-chirundu_town_council_2025_extracted.csv|1.0|count
2025|Output|Annual budget in place|33.0||ZMW|Programme 11: Management and Support Services; Key output: None; Indicator 01.|chirundu_obb_2025.pdf.pdf|||||db-unza26-csc4792-chirundu_town_council_2025_extracted.csv|1.0|value
2025|Output|Number of financial statements prepared|33.0||ZMW|Programme 11: Management and Support Services; Key output: None; Indicator 01.|chirundu_obb_2025.pdf.pdf|||||db-unza26-csc4792-chirundu_town_council_2025_extracted.csv|1.0|count
2025|Output|Percentage of local revenue increased|35.0||ZMW|Programme 12: Resource Mobilisation and Management; Key output: None; Indicator 01.|chirundu_obb_2025.pdf.pdf|||||db-unza26-csc4792-chirundu_town_council_2025_extracted.csv|5.0|percent
2025|Output|Percentage of deliveries assisted with skilled personnel|37.0||ZMW|Programme 13: District Health servcies; Key output: None; Indicator 01.|chirundu_obb_2025.pdf.pdf|||||db-unza26-csc4792-chirundu_town_council_2025_extracted.csv|90.0|percent
2025|Output|Number of maternal deaths due to preganancy or delivery|37.0||ZMW|Programme 13: District Health servcies; Key output: None; Indicator 02.|chirundu_obb_2025.pdf.pdf|||||db-unza26-csc4792-chirundu_town_council_2025_extracted.csv|2.0|count
2025|Output|Percentage of HIV postive clients receiving ART with suppreessed viral load|37.0||ZMW|Programme 13: District Health servcies; Key output: None; Indicator 03.|chirundu_obb_2025.pdf.pdf|||||db-unza26-csc4792-chirundu_town_council_2025_extracted.csv|98.0|percent
2025|Output|TBcase notification per 100,000 population|37.0||ZMW|Programme 13: District Health servcies; Key output: None; Indicator 04.|chirundu_obb_2025.pdf.pdf|||||db-unza26-csc4792-chirundu_town_council_2025_extracted.csv|288.0|value
2025|Output|Institutional deliveries coverage|37.0||ZMW|Programme 13: District Health servcies; Key output: None; Indicator 05.|chirundu_obb_2025.pdf.pdf|||||db-unza26-csc4792-chirundu_town_council_2025_extracted.csv|90.0|value
2025|Output|Percentage of HIV positve clients receiving ART|37.0||ZMW|Programme 13: District Health servcies; Key output: None; Indicator 06.|chirundu_obb_2025.pdf.pdf|||||db-unza26-csc4792-chirundu_town_council_2025_extracted.csv|100.0|percent
2025|Output|Fully imminized 1 of under one children coverage|37.0||ZMW|Programme 13: District Health servcies; Key output: None; Indicator 01.|chirundu_obb_2025.pdf.pdf|||||db-unza26-csc4792-chirundu_town_council_2025_extracted.csv|90.0|value
2025|Output|Percentage of Pregnant women attending ANC in the first Trimester|37.0||ZMW|Programme 13: District Health servcies; Key output: None; Indicator 02.|chirundu_obb_2025.pdf.pdf|||||db-unza26-csc4792-chirundu_town_council_2025_extracted.csv|40.0|percent
2025|Output|Percentage of teenages attending first ANC visits|37.0||ZMW|Programme 13: District Health servcies; Key output: None; Indicator 03.|chirundu_obb_2025.pdf.pdf|||||db-unza26-csc4792-chirundu_town_council_2025_extracted.csv|18.0|percent
2025|Output|Percentage of households with atleast 1TN|37.0||ZMW|Programme 13: District Health servcies; Key output: None; Indicator 01.|chirundu_obb_2025.pdf.pdf|||||db-unza26-csc4792-chirundu_town_council_2025_extracted.csv|100.0|percent
2025|Output|Malaria Incidence|37.0||ZMW|Programme 13: District Health servcies; Key output: None; Indicator 02.|chirundu_obb_2025.pdf.pdf|||||db-unza26-csc4792-chirundu_town_council_2025_extracted.csv|15.0|value
2025|Output|Percentage of health facilities provided with technical support and|37.0||ZMW|Programme 13: District Health servcies; Key output: None; Indicator 01.|chirundu_obb_2025.pdf.pdf|||||db-unza26-csc4792-chirundu_town_council_2025_extracted.csv|100.0|percent
2025|Output|Percentage of months adminstrative and utilities services provided|37.0||ZMW|Programme 13: District Health servcies; Key output: None; Indicator 02.|chirundu_obb_2025.pdf.pdf|||||db-unza26-csc4792-chirundu_town_council_2025_extracted.csv|100.0|percent
2025|Output|Kilometers of feeder roads constructed|39.0||ZMW|Programme 15: Transport Services; Key output: None; Indicator 01.|chirundu_obb_2025.pdf.pdf|||||db-unza26-csc4792-chirundu_town_council_2025_extracted.csv|30.0|value
2025|Output|Kilometers of road maintained|39.0||ZMW|Programme 15: Transport Services; Key output: None; Indicator 01.|chirundu_obb_2025.pdf.pdf|||||db-unza26-csc4792-chirundu_town_council_2025_extracted.csv|20.0|value
2025|Output|Kilometres of township roads rehabilitated|39.0||ZMW|Programme 15: Transport Services; Key output: None; Indicator 01.|chirundu_obb_2025.pdf.pdf|||||db-unza26-csc4792-chirundu_town_council_2025_extracted.csv|20.0|value
2025|Output|Number of street lights installed|39.0||ZMW|Programme 15: Transport Services; Key output: None; Indicator 01. Source table states no 2025 target.|chirundu_obb_2025.pdf.pdf|||||db-unza26-csc4792-chirundu_town_council_2025_extracted.csv||count
2025|Output|Number of Water vessels registered|39.0||ZMW|Programme 15: Transport Services; Key output: None; Indicator 01.|chirundu_obb_2025.pdf.pdf|||||db-unza26-csc4792-chirundu_town_council_2025_extracted.csv|10.0|count
2025|Output|Number of Boat Crew certified|39.0||ZMW|Programme 15: Transport Services; Key output: None; Indicator 01.|chirundu_obb_2025.pdf.pdf|||||db-unza26-csc4792-chirundu_town_council_2025_extracted.csv|5.0|count
2025|Output|Number of farmers trained in enterprenuership and linked to the markets.|45.0||ZMW|Programme 17: Fisheries and Livestock; Key output: None; Indicator 01.|chirundu_obb_2025.pdf.pdf|||||db-unza26-csc4792-chirundu_town_council_2025_extracted.csv|500.0|count
2025|Output|Number of farmers and traders issued with control of goods permits|45.0||ZMW|Programme 17: Fisheries and Livestock; Key output: None; Indicator 02.|chirundu_obb_2025.pdf.pdf|||||db-unza26-csc4792-chirundu_town_council_2025_extracted.csv|500.0|count
2025|Output|number of Market days conducted|45.0||ZMW|Programme 17: Fisheries and Livestock; Key output: None; Indicator 03.|chirundu_obb_2025.pdf.pdf|||||db-unza26-csc4792-chirundu_town_council_2025_extracted.csv|4.0|count
2025|Output|Number of extension visits conducted|45.0||ZMW|Programme 17: Fisheries and Livestock; Key output: None; Indicator 01.|chirundu_obb_2025.pdf.pdf|||||db-unza26-csc4792-chirundu_town_council_2025_extracted.csv|576.0|count
2025|Output|Number of farmers trained in Livestock disease management|45.0||ZMW|Programme 17: Fisheries and Livestock; Key output: None; Indicator 01.|chirundu_obb_2025.pdf.pdf|||||db-unza26-csc4792-chirundu_town_council_2025_extracted.csv|4800.0|count
2025|Output|Number of Dogs vaccinated against rabies|45.0||ZMW|Programme 17: Fisheries and Livestock; Key output: None; Indicator 01.|chirundu_obb_2025.pdf.pdf|||||db-unza26-csc4792-chirundu_town_council_2025_extracted.csv|4000.0|count
2025|Output|Number of survelliances conducted|45.0||ZMW|Programme 17: Fisheries and Livestock; Key output: None; Indicator 01.|chirundu_obb_2025.pdf.pdf|||||db-unza26-csc4792-chirundu_town_council_2025_extracted.csv|4.0|count
2025|Output|Number of fishers trained in sustanable fishing|45.0||ZMW|Programme 17: Fisheries and Livestock; Key output: None; Indicator 01.|chirundu_obb_2025.pdf.pdf|||||db-unza26-csc4792-chirundu_town_council_2025_extracted.csv|500.0|count
2025|Output|Number of patrols conducted|45.0||ZMW|Programme 17: Fisheries and Livestock; Key output: None; Indicator 02.|chirundu_obb_2025.pdf.pdf|||||db-unza26-csc4792-chirundu_town_council_2025_extracted.csv|48.0|count
2025|Output|Number of farmers registered and Licenced|45.0||ZMW|Programme 17: Fisheries and Livestock; Key output: None; Indicator 03.|chirundu_obb_2025.pdf.pdf|||||db-unza26-csc4792-chirundu_town_council_2025_extracted.csv|500.0|count
2025|Output|Number of fishers sensitised on good fishing methods|45.0||ZMW|Programme 17: Fisheries and Livestock; Key output: None; Indicator 01.|chirundu_obb_2025.pdf.pdf|||||db-unza26-csc4792-chirundu_town_council_2025_extracted.csv|500.0|count
2025|Output|Number of farmers trained in Aqua-culture practices .|45.0||ZMW|Programme 17: Fisheries and Livestock; Key output: None; Indicator 02.|chirundu_obb_2025.pdf.pdf|||||db-unza26-csc4792-chirundu_town_council_2025_extracted.csv|500.0|count
2025|Output|Number of farmers engaged in a stakeholder consultative meetings .|45.0||ZMW|Programme 17: Fisheries and Livestock; Key output: None; Indicator 03.|chirundu_obb_2025.pdf.pdf|||||db-unza26-csc4792-chirundu_town_council_2025_extracted.csv|400.0|count
2025|Output|Number of livestock farmers receiving extension services|45.0||ZMW|Programme 17: Fisheries and Livestock; Key output: None; Indicator 01.|chirundu_obb_2025.pdf.pdf|||||db-unza26-csc4792-chirundu_town_council_2025_extracted.csv|8000.0|count
2025|Output|Number of livestock field days conducted|45.0||ZMW|Programme 17: Fisheries and Livestock; Key output: None; Indicator 02.|chirundu_obb_2025.pdf.pdf|||||db-unza26-csc4792-chirundu_town_council_2025_extracted.csv|48.0|count
2025|Output|Number of farmers to receive 10 climate smart livestock technologies and|45.0||ZMW|Programme 17: Fisheries and Livestock; Key output: None; Indicator 03.|chirundu_obb_2025.pdf.pdf|||||db-unza26-csc4792-chirundu_town_council_2025_extracted.csv|120.0|count
2025|Output|Number of rangeland rehabilitated|45.0||ZMW|Programme 17: Fisheries and Livestock; Key output: None; Indicator 04.|chirundu_obb_2025.pdf.pdf|||||db-unza26-csc4792-chirundu_town_council_2025_extracted.csv|48.0|count
2025|Output|Number of hectares brought under rangeland|45.0||ZMW|Programme 17: Fisheries and Livestock; Key output: None; Indicator 05.|chirundu_obb_2025.pdf.pdf|||||db-unza26-csc4792-chirundu_town_council_2025_extracted.csv|200000.0|count
2025|Output|Number of Rangeland committees formed|45.0||ZMW|Programme 17: Fisheries and Livestock; Key output: None; Indicator 06.|chirundu_obb_2025.pdf.pdf|||||db-unza26-csc4792-chirundu_town_council_2025_extracted.csv|4.0|count
2025|Output|Number of rangeland mapped|45.0||ZMW|Programme 17: Fisheries and Livestock; Key output: None; Indicator 07.|chirundu_obb_2025.pdf.pdf|||||db-unza26-csc4792-chirundu_town_council_2025_extracted.csv|4.0|count
2025|Output|Smallholder farmers supported in pasture seed|45.0||ZMW|Programme 17: Fisheries and Livestock; Key output: None; Indicator 08.|chirundu_obb_2025.pdf.pdf|||||db-unza26-csc4792-chirundu_town_council_2025_extracted.csv|120.0|value
2025|Output|Number of Smallholder farmers supported in pasture seed|45.0||ZMW|Programme 17: Fisheries and Livestock; Key output: None; Indicator 01.|chirundu_obb_2025.pdf.pdf|||||db-unza26-csc4792-chirundu_town_council_2025_extracted.csv|120.0|count
2025|Output|Number of farmers Farmers trained in utilization of pasture|45.0||ZMW|Programme 17: Fisheries and Livestock; Key output: None; Indicator 02.|chirundu_obb_2025.pdf.pdf|||||db-unza26-csc4792-chirundu_town_council_2025_extracted.csv|8000.0|count
2025|Output|Number of backstopping , supervision and meetings / Government|45.0||ZMW|Programme 17: Fisheries and Livestock; Key output: None; Indicator 01.|chirundu_obb_2025.pdf.pdf|||||db-unza26-csc4792-chirundu_town_council_2025_extracted.csv|48.0|count
2025|Output|Number of adminstration support provided|45.0||ZMW|Programme 17: Fisheries and Livestock; Key output: None; Indicator 01.|chirundu_obb_2025.pdf.pdf|||||db-unza26-csc4792-chirundu_town_council_2025_extracted.csv|12.0|count
2025|Output|Number of staff returns and Financial reports done|45.0||ZMW|Programme 17: Fisheries and Livestock; Key output: None; Indicator 02.|chirundu_obb_2025.pdf.pdf|||||db-unza26-csc4792-chirundu_town_council_2025_extracted.csv|4.0|count
2025|Output|Number of shows attended|45.0||ZMW|Programme 17: Fisheries and Livestock; Key output: None; Indicator 03.|chirundu_obb_2025.pdf.pdf|||||db-unza26-csc4792-chirundu_town_council_2025_extracted.csv|3.0|count
2025|Output|Number of stranded persons repatriated|49.0||ZMW|Programme 18: Social Protection and Community Development; Key output: None; Indicator 01.|chirundu_obb_2025.pdf.pdf|||||db-unza26-csc4792-chirundu_town_council_2025_extracted.csv|12.0|count
2025|Output|Number of Arson victims assisted with assorted household items|49.0||ZMW|Programme 18: Social Protection and Community Development; Key output: None; Indicator 02.|chirundu_obb_2025.pdf.pdf|||||db-unza26-csc4792-chirundu_town_council_2025_extracted.csv|5.0|count
2025|Output|Number of infants assisted with formula|49.0||ZMW|Programme 18: Social Protection and Community Development; Key output: None; Indicator 03.|chirundu_obb_2025.pdf.pdf|||||db-unza26-csc4792-chirundu_town_council_2025_extracted.csv|16.0|count
2025|Output|Number of patients assisted with health supplies|49.0||ZMW|Programme 18: Social Protection and Community Development; Key output: None; Indicator 04.|chirundu_obb_2025.pdf.pdf|||||db-unza26-csc4792-chirundu_town_council_2025_extracted.csv|12.0|count
2025|Output|Number of human trafficked victims assisted|49.0||ZMW|Programme 18: Social Protection and Community Development; Key output: None; Indicator 02.|chirundu_obb_2025.pdf.pdf|||||db-unza26-csc4792-chirundu_town_council_2025_extracted.csv|2.0|count
2025|Output|Number of Familes receiving welfare and counselling services-Marriage|49.0||ZMW|Programme 18: Social Protection and Community Development; Key output: None; Indicator 03.|chirundu_obb_2025.pdf.pdf|||||db-unza26-csc4792-chirundu_town_council_2025_extracted.csv|2.0|count
2025|Output|Number of Old persons supported|49.0||ZMW|Programme 18: Social Protection and Community Development; Key output: None; Indicator 01.|chirundu_obb_2025.pdf.pdf|||||db-unza26-csc4792-chirundu_town_council_2025_extracted.csv|45.0|count
2025|Output|Proportion of Cash for Work disbursed|49.0||ZMW|Programme 18: Social Protection and Community Development; Key output: None; Indicator 01.|chirundu_obb_2025.pdf.pdf|||||db-unza26-csc4792-chirundu_town_council_2025_extracted.csv|100.0|value
2025|Output|Number of beneficiaries receiving Cash For Work|49.0||ZMW|Programme 18: Social Protection and Community Development; Key output: None; Indicator 02.|chirundu_obb_2025.pdf.pdf|||||db-unza26-csc4792-chirundu_town_council_2025_extracted.csv|31020.0|count
2025|Output|Number of Adult Literacy Awareness and Sensitisation Meetings held|49.0||ZMW|Programme 18: Social Protection and Community Development; Key output: None; Indicator 01.|chirundu_obb_2025.pdf.pdf|||||db-unza26-csc4792-chirundu_town_council_2025_extracted.csv|12.0|count
2025|Output|Number of Students Trained|49.0||ZMW|Programme 18: Social Protection and Community Development; Key output: None; Indicator 01.|chirundu_obb_2025.pdf.pdf|||||db-unza26-csc4792-chirundu_town_council_2025_extracted.csv|180.0|count
2025|Output|Number of Students recruited|49.0||ZMW|Programme 18: Social Protection and Community Development; Key output: None; Indicator 02.|chirundu_obb_2025.pdf.pdf|||||db-unza26-csc4792-chirundu_town_council_2025_extracted.csv|180.0|count
2025|Output|Percentage of Students graduating against recruited|49.0||ZMW|Programme 18: Social Protection and Community Development; Key output: None; Indicator 03.|chirundu_obb_2025.pdf.pdf|||||db-unza26-csc4792-chirundu_town_council_2025_extracted.csv|100.0|percent
2025|Output|Number of Radio Sensitizations conducted|49.0||ZMW|Programme 18: Social Protection and Community Development; Key output: None; Indicator 01.|chirundu_obb_2025.pdf.pdf|||||db-unza26-csc4792-chirundu_town_council_2025_extracted.csv|4.0|count
2025|Output|Number of Ward Sentisations|49.0||ZMW|Programme 18: Social Protection and Community Development; Key output: None; Indicator 02.|chirundu_obb_2025.pdf.pdf|||||db-unza26-csc4792-chirundu_town_council_2025_extracted.csv|12.0|count
2025|Output|Number of Pre School Inspections conducted|49.0||ZMW|Programme 18: Social Protection and Community Development; Key output: None; Indicator 01.|chirundu_obb_2025.pdf.pdf|||||db-unza26-csc4792-chirundu_town_council_2025_extracted.csv|24.0|count
2025|Output|Percentage of Cash for Work Funds disbursed against budgeted|49.0||ZMW|Programme 18: Social Protection and Community Development; Key output: None; Indicator 01.|chirundu_obb_2025.pdf.pdf|||||db-unza26-csc4792-chirundu_town_council_2025_extracted.csv|100.0|percent
2025|Output|Number of farmers trained in farm power and mechanization|42.0||ZMW|Programme 16: Agricultural Services; Key output: Farm mechanization promoted.|chirundu_obb_2025.pdf.pdf|||||db-unza26-csc4792-chirundu_town_council_2025_extracted.csv|300.0|count
2025|Output|Number of Farmers accessing farm power and mechanization services|42.0||ZMW|Programme 16: Agricultural Services; Key output: Farm mechanization promoted.|chirundu_obb_2025.pdf.pdf|||||db-unza26-csc4792-chirundu_town_council_2025_extracted.csv|300.0|count
2025|Output|Number of field officers trained in farm Power and Mechanization|42.0||ZMW|Programme 16: Agricultural Services; Key output: Farm mechanization promoted.|chirundu_obb_2025.pdf.pdf|||||db-unza26-csc4792-chirundu_town_council_2025_extracted.csv|16.0|count
2025|Output|Number of farmers trained in irrigation technologies|42.0||ZMW|Programme 16: Agricultural Services; Key output: Irrigation Technologies promoted.|chirundu_obb_2025.pdf.pdf|||||db-unza26-csc4792-chirundu_town_council_2025_extracted.csv|500.0|count
2025|Output|Number of field officers trained in irrigation technologies|42.0||ZMW|Programme 16: Agricultural Services; Key output: Irrigation Technologies promoted.|chirundu_obb_2025.pdf.pdf|||||db-unza26-csc4792-chirundu_town_council_2025_extracted.csv|16.0|count
2025|Output|Number of Farmers trained in Climate Smart Agriculture|42.0||ZMW|Programme 16: Agricultural Services; Key output: Climate Smart Agricultural technologies promoted.|chirundu_obb_2025.pdf.pdf|||||db-unza26-csc4792-chirundu_town_council_2025_extracted.csv|2000.0|count
2025|Output|Number of farmer field school (FFS) functional|42.0||ZMW|Programme 16: Agricultural Services; Key output: Climate Smart Agricultural technologies promoted.|chirundu_obb_2025.pdf.pdf|||||db-unza26-csc4792-chirundu_town_council_2025_extracted.csv|52.0|count
2025|Output|Number of demonstration plots established|42.0||ZMW|Programme 16: Agricultural Services; Key output: Climate Smart Agricultural technologies promoted.|chirundu_obb_2025.pdf.pdf|||||db-unza26-csc4792-chirundu_town_council_2025_extracted.csv|13.0|count
2025|Output|Number of field officers trained in Climate Smart Agriculture|42.0||ZMW|Programme 16: Agricultural Services; Key output: Climate Smart Agricultural technologies promoted.|chirundu_obb_2025.pdf.pdf|||||db-unza26-csc4792-chirundu_town_council_2025_extracted.csv|16.0|count
2025|Output|Number of Farmers trained in nutrition|42.0||ZMW|Programme 16: Agricultural Services; Key output: Nutrition education promoted among farmers.|chirundu_obb_2025.pdf.pdf|||||db-unza26-csc4792-chirundu_town_council_2025_extracted.csv|1000.0|count
2025|Output|Number of field officers trained in nutrition|42.0||ZMW|Programme 16: Agricultural Services; Key output: Nutrition education promoted among farmers.|chirundu_obb_2025.pdf.pdf|||||db-unza26-csc4792-chirundu_town_council_2025_extracted.csv|16.0|count
2025|Output|Number of farmers trained in crop diversification|42.0||ZMW|Programme 16: Agricultural Services; Key output: Crop diversification promoted.|chirundu_obb_2025.pdf.pdf|||||db-unza26-csc4792-chirundu_town_council_2025_extracted.csv|3000.0|count
2025|Output|Number of field officers trained in crop diversification|42.0||ZMW|Programme 16: Agricultural Services; Key output: Crop diversification promoted.|chirundu_obb_2025.pdf.pdf|||||db-unza26-csc4792-chirundu_town_council_2025_extracted.csv|16.0|count
2025|Output|Number of farmers trained in good farm management|42.0||ZMW|Programme 16: Agricultural Services; Key output: Good farm management practices promoted.|chirundu_obb_2025.pdf.pdf|||||db-unza26-csc4792-chirundu_town_council_2025_extracted.csv|2000.0|count
2025|Output|Number of field officers trained in good farm management|42.0||ZMW|Programme 16: Agricultural Services; Key output: Good farm management practices promoted.|chirundu_obb_2025.pdf.pdf|||||db-unza26-csc4792-chirundu_town_council_2025_extracted.csv|16.0|count
2025|Output|Number of crop production demonstration plots established|42.0||ZMW|Programme 16: Agricultural Services; Key output: Extension service delivery enhanced.|chirundu_obb_2025.pdf.pdf|||||db-unza26-csc4792-chirundu_town_council_2025_extracted.csv|13.0|count
2025|Output|Number of Farmer Field Schools operationalised|42.0||ZMW|Programme 16: Agricultural Services; Key output: Extension service delivery enhanced.|chirundu_obb_2025.pdf.pdf|||||db-unza26-csc4792-chirundu_town_council_2025_extracted.csv|52.0|count
2025|Output|Number of agricultural radio programmes disseminated|42.0||ZMW|Programme 16: Agricultural Services; Key output: Agriculture Information Services recorded and produced.|chirundu_obb_2025.pdf.pdf|||||db-unza26-csc4792-chirundu_town_council_2025_extracted.csv|12.0|count
2025|Output|Number of agricultural TV programmes disseminated|42.0||ZMW|Programme 16: Agricultural Services; Key output: Agriculture Information Services recorded and produced.|chirundu_obb_2025.pdf.pdf|||||db-unza26-csc4792-chirundu_town_council_2025_extracted.csv|4.0|count
2025|Output|Number of agricultural publications disseminated|42.0||ZMW|Programme 16: Agricultural Services; Key output: Agriculture Information Services recorded and produced.|chirundu_obb_2025.pdf.pdf|||||db-unza26-csc4792-chirundu_town_council_2025_extracted.csv|4.0|count
2025|Output|Number of agricultural shows organised and exhibited|42.0||ZMW|Programme 16: Agricultural Services; Key output: Agriculture shows organised and exhibited.|chirundu_obb_2025.pdf.pdf|||||db-unza26-csc4792-chirundu_town_council_2025_extracted.csv|5.0|count
2025|Output|Number of commodity market bulletin produced|42.0||ZMW|Programme 16: Agricultural Services; Key output: Market information and bulletin developed and disseminated.|chirundu_obb_2025.pdf.pdf|||||db-unza26-csc4792-chirundu_town_council_2025_extracted.csv|52.0|count
2025|Output|Number of commodity market bulletin disseminated|42.0||ZMW|Programme 16: Agricultural Services; Key output: Market information and bulletin developed and disseminated.|chirundu_obb_2025.pdf.pdf|||||db-unza26-csc4792-chirundu_town_council_2025_extracted.csv|52.0|count
2025|Output|Number of farmers accessing agricultural finance|42.0||ZMW|Programme 16: Agricultural Services; Key output: Access to agricultural finance enhanced.|chirundu_obb_2025.pdf.pdf|||||db-unza26-csc4792-chirundu_town_council_2025_extracted.csv|500.0|count
2025|Output|Number of entrepreneurship trainings conducted|42.0||ZMW|Programme 16: Agricultural Services; Key output: Farmers trained in entrepreneurship.|chirundu_obb_2025.pdf.pdf|||||db-unza26-csc4792-chirundu_town_council_2025_extracted.csv|4.0|count
2025|Output|Number of control of goods permits issued|42.0||ZMW|Programme 16: Agricultural Services; Key output: Agricultural Trade facilitated.|chirundu_obb_2025.pdf.pdf|||||db-unza26-csc4792-chirundu_town_council_2025_extracted.csv|1000.0|count
2025|Output|Number of agricultural trade inspections conducted|42.0||ZMW|Programme 16: Agricultural Services; Key output: Agricultural Trade facilitated.|chirundu_obb_2025.pdf.pdf|||||db-unza26-csc4792-chirundu_town_council_2025_extracted.csv|500.0|count
2026|Local Revenue|Residential|3.0|202069.0|ZMW|Revenue code 001; group: Local taxes/rates.|chirundu_obb_2026.pdf.pdf|||||db-unza26-csc4792-chirundu_town_council_2026_extracted.csv||
2026|Local Revenue|Commercial|3.0|547946.0|ZMW|Revenue code 002; group: Local taxes/rates.|chirundu_obb_2026.pdf.pdf|||||db-unza26-csc4792-chirundu_town_council_2026_extracted.csv||
2026|Local Revenue|Personal levy|3.0|45000.0|ZMW|Revenue code 001; group: Local taxes/rates.|chirundu_obb_2026.pdf.pdf|||||db-unza26-csc4792-chirundu_town_council_2026_extracted.csv||
2026|Local Revenue|Survey fees|3.0|7300.0|ZMW|Revenue code 002; group: Fees and Charges.|chirundu_obb_2026.pdf.pdf|||||db-unza26-csc4792-chirundu_town_council_2026_extracted.csv||
2026|Local Revenue|Building inspection-fees|3.0|20000.0|ZMW|Revenue code 003; group: Fees and Charges.|chirundu_obb_2026.pdf.pdf|||||db-unza26-csc4792-chirundu_town_council_2026_extracted.csv||
2026|Local Revenue|Plan scrutiny fee|3.0|15000.0|ZMW|Revenue code 004; group: Fees and Charges.|chirundu_obb_2026.pdf.pdf|||||db-unza26-csc4792-chirundu_town_council_2026_extracted.csv||
2026|Local Revenue|Change of premise use|3.0|16800.0|ZMW|Revenue code 005; group: Fees and Charges.|chirundu_obb_2026.pdf.pdf|||||db-unza26-csc4792-chirundu_town_council_2026_extracted.csv||
2026|Local Revenue|Container/Ntemba fees|3.0|25000.0|ZMW|Revenue code 006; group: Fees and Charges.|chirundu_obb_2026.pdf.pdf|||||db-unza26-csc4792-chirundu_town_council_2026_extracted.csv||
2026|Local Revenue|Rentals/lease of Council’s properties|3.0|624000.0|ZMW|Revenue code 007; group: Fees and Charges.|chirundu_obb_2026.pdf.pdf|||||db-unza26-csc4792-chirundu_town_council_2026_extracted.csv||
2026|Local Revenue|Non-Land Application forms fees|3.0|100.0|ZMW|Revenue code 008; group: Fees and Charges.|chirundu_obb_2026.pdf.pdf|||||db-unza26-csc4792-chirundu_town_council_2026_extracted.csv||
2026|Local Revenue|Search fees|3.0|500.0|ZMW|Revenue code 011; group: Fees and Charges.|chirundu_obb_2026.pdf.pdf|||||db-unza26-csc4792-chirundu_town_council_2026_extracted.csv||
2026|Local Revenue|Notice board advert fees|3.0|35100.0|ZMW|Revenue code 012; group: Fees and Charges.|chirundu_obb_2026.pdf.pdf|||||db-unza26-csc4792-chirundu_town_council_2026_extracted.csv||
2026|Local Revenue|Market fees|3.0|20000.0|ZMW|Revenue code 013; group: Fees and Charges.|chirundu_obb_2026.pdf.pdf|||||db-unza26-csc4792-chirundu_town_council_2026_extracted.csv||
2026|Local Revenue|Parking fees|3.0|28007320.0|ZMW|Revenue code 014; group: Fees and Charges.|chirundu_obb_2026.pdf.pdf|||||db-unza26-csc4792-chirundu_town_council_2026_extracted.csv||
2026|Local Revenue|Loading fees (buses, trucks, trains, taxies etc.)|3.0|39840.0|ZMW|Revenue code 016; group: Fees and Charges.|chirundu_obb_2026.pdf.pdf|||||db-unza26-csc4792-chirundu_town_council_2026_extracted.csv||
2026|Local Revenue|Hire of halls|3.0|10000.0|ZMW|Revenue code 020; group: Fees and Charges.|chirundu_obb_2026.pdf.pdf|||||db-unza26-csc4792-chirundu_town_council_2026_extracted.csv||
2026|Local Revenue|Refuse disposal|3.0|200000.0|ZMW|Revenue code 033; group: Fees and Charges.|chirundu_obb_2026.pdf.pdf|||||db-unza26-csc4792-chirundu_town_council_2026_extracted.csv||
2026|Local Revenue|Registration of clubs and societies|3.0|20698.0|ZMW|Revenue code 047; group: Fees and Charges.|chirundu_obb_2026.pdf.pdf|||||db-unza26-csc4792-chirundu_town_council_2026_extracted.csv||
2026|Local Revenue|Billboards and banners|3.0|40520.0|ZMW|Revenue code 063; group: Fees and Charges.|chirundu_obb_2026.pdf.pdf|||||db-unza26-csc4792-chirundu_town_council_2026_extracted.csv||
2026|Local Revenue|Hire of Transport and Equipment|3.0|500000.0|ZMW|Revenue code 064; group: Fees and Charges.|chirundu_obb_2026.pdf.pdf|||||db-unza26-csc4792-chirundu_town_council_2026_extracted.csv||
2026|Local Revenue|Penalties|3.0|36200.0|ZMW|Revenue code 066; group: Fees and Charges.|chirundu_obb_2026.pdf.pdf|||||db-unza26-csc4792-chirundu_town_council_2026_extracted.csv||
2026|Local Revenue|Ablution Fee|3.0|40000.0|ZMW|Revenue code 067; group: Fees and Charges.|chirundu_obb_2026.pdf.pdf|||||db-unza26-csc4792-chirundu_town_council_2026_extracted.csv||
2026|Local Revenue|Telecommunication site rentals|3.0|35000.0|ZMW|Revenue code 082; group: Fees and Charges.|chirundu_obb_2026.pdf.pdf|||||db-unza26-csc4792-chirundu_town_council_2026_extracted.csv||
2026|Local Revenue|Other fees and charges|3.0|143350.0|ZMW|Revenue code 099; group: Fees and Charges.|chirundu_obb_2026.pdf.pdf|||||db-unza26-csc4792-chirundu_town_council_2026_extracted.csv||
2026|Local Revenue|Occupancy licence|3.0|10000.0|ZMW|Revenue code 001; group: Licenses.|chirundu_obb_2026.pdf.pdf|||||db-unza26-csc4792-chirundu_town_council_2026_extracted.csv||
2026|Local Revenue|Liquor licence|3.0|400000.0|ZMW|Revenue code 002; group: Licenses.|chirundu_obb_2026.pdf.pdf|||||db-unza26-csc4792-chirundu_town_council_2026_extracted.csv||
2026|Local Revenue|Firearm and ammunition licence|3.0|25980.0|ZMW|Revenue code 003; group: Licenses.|chirundu_obb_2026.pdf.pdf|||||db-unza26-csc4792-chirundu_town_council_2026_extracted.csv||
2026|Local Revenue|Petroleum Storage licence|3.0|160500.0|ZMW|Revenue code 004; group: Licenses.|chirundu_obb_2026.pdf.pdf|||||db-unza26-csc4792-chirundu_town_council_2026_extracted.csv||
2026|Local Revenue|Dog licence|3.0|8000.0|ZMW|Revenue code 005; group: Licenses.|chirundu_obb_2026.pdf.pdf|||||db-unza26-csc4792-chirundu_town_council_2026_extracted.csv||
2026|Local Revenue|Other Licences|3.0|2500.0|ZMW|Revenue code 099; group: Licenses.|chirundu_obb_2026.pdf.pdf|||||db-unza26-csc4792-chirundu_town_council_2026_extracted.csv||
2026|Local Revenue|Livestock Movement levy|4.0|555000.0|ZMW|Revenue code 001; group: Levies.|chirundu_obb_2026.pdf.pdf|||||db-unza26-csc4792-chirundu_town_council_2026_extracted.csv||
2026|Local Revenue|Fish levy|4.0|10000.0|ZMW|Revenue code 003; group: Levies.|chirundu_obb_2026.pdf.pdf|||||db-unza26-csc4792-chirundu_town_council_2026_extracted.csv||
2026|Local Revenue|Pole levy|4.0|1500.0|ZMW|Revenue code 004; group: Levies.|chirundu_obb_2026.pdf.pdf|||||db-unza26-csc4792-chirundu_town_council_2026_extracted.csv||
2026|Local Revenue|Sand levy|4.0|30739.0|ZMW|Revenue code 006; group: Levies.|chirundu_obb_2026.pdf.pdf|||||db-unza26-csc4792-chirundu_town_council_2026_extracted.csv||
2026|Local Revenue|Timber Levy|4.0|50000.0|ZMW|Revenue code 010; group: Levies.|chirundu_obb_2026.pdf.pdf|||||db-unza26-csc4792-chirundu_town_council_2026_extracted.csv||
2026|Local Revenue|Manufacturing|4.0|20615.0|ZMW|Revenue code 021; group: Levies.|chirundu_obb_2026.pdf.pdf|||||db-unza26-csc4792-chirundu_town_council_2026_extracted.csv||
2026|Local Revenue|Health permits|4.0|795900.0|ZMW|Revenue code 001; group: Permits.|chirundu_obb_2026.pdf.pdf|||||db-unza26-csc4792-chirundu_town_council_2026_extracted.csv||
2026|Local Revenue|Herbalist permit|4.0|2500.0|ZMW|Revenue code 003; group: Permits.|chirundu_obb_2026.pdf.pdf|||||db-unza26-csc4792-chirundu_town_council_2026_extracted.csv||
2026|Local Revenue|Transportation of meat products|4.0|2500.0|ZMW|Revenue code 005; group: Permits.|chirundu_obb_2026.pdf.pdf|||||db-unza26-csc4792-chirundu_town_council_2026_extracted.csv||
2026|Local Revenue|Transportation of opaque beer|4.0|113600.0|ZMW|Revenue code 006; group: Permits.|chirundu_obb_2026.pdf.pdf|||||db-unza26-csc4792-chirundu_town_council_2026_extracted.csv||
2026|Local Revenue|Burial permits and grave sites|4.0|20000.0|ZMW|Revenue code 008; group: Permits.|chirundu_obb_2026.pdf.pdf|||||db-unza26-csc4792-chirundu_town_council_2026_extracted.csv||
2026|Local Revenue|Fire certificate|4.0|600000.0|ZMW|Revenue code 009; group: Permits.|chirundu_obb_2026.pdf.pdf|||||db-unza26-csc4792-chirundu_town_council_2026_extracted.csv||
2026|Local Revenue|Extension of Business hours permits|4.0|2752000.0|ZMW|Revenue code 010; group: Permits.|chirundu_obb_2026.pdf.pdf|||||db-unza26-csc4792-chirundu_town_council_2026_extracted.csv||
2026|Local Revenue|Social gathering permit|4.0|3750.0|ZMW|Revenue code 011; group: Permits.|chirundu_obb_2026.pdf.pdf|||||db-unza26-csc4792-chirundu_town_council_2026_extracted.csv||
2026|Local Revenue|Primary, Secondary and Tertiary permits|4.0|23750.0|ZMW|Revenue code 099; group: Permits.|chirundu_obb_2026.pdf.pdf|||||db-unza26-csc4792-chirundu_town_council_2026_extracted.csv||
2026|Local Revenue|Service Charges Residential plots|4.0|10450.0|ZMW|Revenue code 001; group: Charges.|chirundu_obb_2026.pdf.pdf|||||db-unza26-csc4792-chirundu_town_council_2026_extracted.csv||
2026|Local Revenue|Service Charges Industrial plots|4.0|25000.0|ZMW|Revenue code 002; group: Charges.|chirundu_obb_2026.pdf.pdf|||||db-unza26-csc4792-chirundu_town_council_2026_extracted.csv||
2026|Local Revenue|Premium Plot Commercial|4.0|1000000.0|ZMW|Revenue code 004; group: Charges.|chirundu_obb_2026.pdf.pdf|||||db-unza26-csc4792-chirundu_town_council_2026_extracted.csv||
2026|Local Revenue|Surplus/ Deficit from Commercial Ventures|4.0|2200400.0|ZMW|Revenue code 002; group: Other Incomes.|chirundu_obb_2026.pdf.pdf|||||db-unza26-csc4792-chirundu_town_council_2026_extracted.csv||
2026|Revenue|Roads Grant|4.0|6351370.0|ZMW|Revenue code 002; group: National Support (Grants).|chirundu_obb_2026.pdf.pdf|||||db-unza26-csc4792-chirundu_town_council_2026_extracted.csv||
2026|Revenue|Matching Grants|4.0|3613259.0|ZMW|Revenue code 007; group: National Support (Grants).|chirundu_obb_2026.pdf.pdf|||||db-unza26-csc4792-chirundu_town_council_2026_extracted.csv||
2026|Revenue|Other Grants|4.0|2931802.0|ZMW|Revenue code 099; group: National Support (Grants).|chirundu_obb_2026.pdf.pdf|||||db-unza26-csc4792-chirundu_town_council_2026_extracted.csv||
2026|Revenue|Devolution Capital Grant|4.0|11554159.0|ZMW|Revenue code 001; group: Donor Support (Grants).|chirundu_obb_2026.pdf.pdf|||||db-unza26-csc4792-chirundu_town_council_2026_extracted.csv||
2026|CDF|Constituency Development Fund|5.0|40032550.0|ZMW|Revenue code 001; group: Local Development Fund.|chirundu_obb_2026.pdf.pdf|||||db-unza26-csc4792-chirundu_town_council_2026_extracted.csv||
2026|LGEF|Local Government Equalisation Fund|5.0|8400000.0|ZMW|Revenue code 002; group: Local Development Fund.|chirundu_obb_2026.pdf.pdf|||||db-unza26-csc4792-chirundu_town_council_2026_extracted.csv||
2026|Revenue|Grant in Lieu of Rates|5.0|150000.0|ZMW|Revenue code 003; group: Local Development Fund.|chirundu_obb_2026.pdf.pdf|||||db-unza26-csc4792-chirundu_town_council_2026_extracted.csv||
2026|Programme|Constituency Development|7.0|40032550.0|ZMW|Programme code 1; 2026 budget allocation.|chirundu_obb_2026.pdf.pdf|||||db-unza26-csc4792-chirundu_town_council_2026_extracted.csv||
2026|Programme|Local Governance|7.0|3622278.0|ZMW|Programme code 2; 2026 budget allocation.|chirundu_obb_2026.pdf.pdf|||||db-unza26-csc4792-chirundu_town_council_2026_extracted.csv||
2026|Programme|Integrated Development Planning|7.0|4222250.0|ZMW|Programme code 3; 2026 budget allocation.|chirundu_obb_2026.pdf.pdf|||||db-unza26-csc4792-chirundu_town_council_2026_extracted.csv||
2026|Programme|Economic and Business Development|7.0|776800.0|ZMW|Programme code 4; 2026 budget allocation.|chirundu_obb_2026.pdf.pdf|||||db-unza26-csc4792-chirundu_town_council_2026_extracted.csv||
2026|Programme|Public Health and Environmental Protection|7.0|3962957.0|ZMW|Programme code 5; 2026 budget allocation.|chirundu_obb_2026.pdf.pdf|||||db-unza26-csc4792-chirundu_town_council_2026_extracted.csv||
2026|Programme|Housing and Community Amenities|7.0|15857096.0|ZMW|Programme code 6; 2026 budget allocation.|chirundu_obb_2026.pdf.pdf|||||db-unza26-csc4792-chirundu_town_council_2026_extracted.csv||
2026|Programme|Recreation Culture and Religion|7.0|642904.0|ZMW|Programme code 7; 2026 budget allocation.|chirundu_obb_2026.pdf.pdf|||||db-unza26-csc4792-chirundu_town_council_2026_extracted.csv||
2026|Programme|Education and Skills Development|7.0|19241.0|ZMW|Programme code 8; 2026 budget allocation.|chirundu_obb_2026.pdf.pdf|||||db-unza26-csc4792-chirundu_town_council_2026_extracted.csv||
2026|Programme|Public Order and Safety|7.0|5502186.0|ZMW|Programme code 10; 2026 budget allocation.|chirundu_obb_2026.pdf.pdf|||||db-unza26-csc4792-chirundu_town_council_2026_extracted.csv||
2026|Programme|Management and Support Services|7.0|18783480.0|ZMW|Programme code 11; 2026 budget allocation.|chirundu_obb_2026.pdf.pdf|||||db-unza26-csc4792-chirundu_town_council_2026_extracted.csv||
2026|Programme|Resource Mobilisation and Management|7.0|4879538.0|ZMW|Programme code 12; 2026 budget allocation.|chirundu_obb_2026.pdf.pdf|||||db-unza26-csc4792-chirundu_town_council_2026_extracted.csv||
2026|Programme|District Health Services|7.0|1540765.0|ZMW|Programme code 13; 2026 budget allocation.|chirundu_obb_2026.pdf.pdf|||||db-unza26-csc4792-chirundu_town_council_2026_extracted.csv||
2026|Programme|Transport Services|7.0|6402860.0|ZMW|Programme code 15; 2026 budget allocation.|chirundu_obb_2026.pdf.pdf|||||db-unza26-csc4792-chirundu_town_council_2026_extracted.csv||
2026|Programme|Agricultural Services|7.0|498034.0|ZMW|Programme code 16; 2026 budget allocation.|chirundu_obb_2026.pdf.pdf|||||db-unza26-csc4792-chirundu_town_council_2026_extracted.csv||
2026|Programme|Fisheries and Livestock|7.0|1003176.0|ZMW|Programme code 17; 2026 budget allocation.|chirundu_obb_2026.pdf.pdf|||||db-unza26-csc4792-chirundu_town_council_2026_extracted.csv||
2026|Programme|Social Protection and Community Development|7.0|4743451.0|ZMW|Programme code 18; 2026 budget allocation.|chirundu_obb_2026.pdf.pdf|||||db-unza26-csc4792-chirundu_town_council_2026_extracted.csv||
2026|Output|Kilometres of Roads graded|14.0||ZMW|Programme 1: Constituency Development; Key output: CDF Community Projects Implemented; Indicator 01.|chirundu_obb_2026.pdf.pdf|||||db-unza26-csc4792-chirundu_town_council_2026_extracted.csv|55.0|value
2026|Output|Number of Maternity Annexes constructed|14.0||ZMW|Programme 1: Constituency Development; Key output: CDF Community Projects Implemented; Indicator 02.|chirundu_obb_2026.pdf.pdf|||||db-unza26-csc4792-chirundu_town_council_2026_extracted.csv|1.0|count
2026|Output|Percentage of approved grant applicants empowered|14.0||ZMW|Programme 1: Constituency Development; Key output: Youth , Women, Community groups empowered; Indicator 01.|chirundu_obb_2026.pdf.pdf|||||db-unza26-csc4792-chirundu_town_council_2026_extracted.csv|100.0|percent
2026|Output|Percentage of approved loan applicants empowered|14.0||ZMW|Programme 1: Constituency Development; Key output: Youth , Women, Community groups empowered; Indicator 02.|chirundu_obb_2026.pdf.pdf|||||db-unza26-csc4792-chirundu_town_council_2026_extracted.csv|100.0|percent
2026|Output|Number of CDF meetings held|14.0||ZMW|Programme 1: Constituency Development; Key output: CDF Administrative services provided; Indicator 01.|chirundu_obb_2026.pdf.pdf|||||db-unza26-csc4792-chirundu_town_council_2026_extracted.csv|6.0|count
2026|Output|Number of Field appraisal reports produced|14.0||ZMW|Programme 1: Constituency Development; Key output: CDF Administrative services provided; Indicator 02.|chirundu_obb_2026.pdf.pdf|||||db-unza26-csc4792-chirundu_town_council_2026_extracted.csv|2.0|count
2026|Output|Number of Monitoring reports produced|14.0||ZMW|Programme 1: Constituency Development; Key output: CDF Administrative services provided; Indicator 03.|chirundu_obb_2026.pdf.pdf|||||db-unza26-csc4792-chirundu_town_council_2026_extracted.csv|5.0|count
2026|Output|Number of Desk Appraisal Reports produced|14.0||ZMW|Programme 1: Constituency Development; Key output: CDF Administrative services provided; Indicator 04.|chirundu_obb_2026.pdf.pdf|||||db-unza26-csc4792-chirundu_town_council_2026_extracted.csv|2.0|count
2026|Output|Percentage approved Skills bursaries applicants sponsored|14.0||ZMW|Programme 1: Constituency Development; Key output: Secondary school and skills development bursaries; Indicator 01.|chirundu_obb_2026.pdf.pdf|||||db-unza26-csc4792-chirundu_town_council_2026_extracted.csv|100.0|percent
2026|Output|Percentage approved Secondary bursaries applicants sponsored|14.0||ZMW|Programme 1: Constituency Development; Key output: Secondary school and skills development bursaries; Indicator 02.|chirundu_obb_2026.pdf.pdf|||||db-unza26-csc4792-chirundu_town_council_2026_extracted.csv|100.0|percent
2026|Output|Number of Ordinary Council Meetings Held|16.0||ZMW|Programme 2: Local Governance; Key output: Council Meetings Held; Indicator 01.|chirundu_obb_2026.pdf.pdf|||||db-unza26-csc4792-chirundu_town_council_2026_extracted.csv|4.0|count
2026|Output|Number of Committee Meetings Held|16.0||ZMW|Programme 2: Local Governance; Key output: Council Meetings Held; Indicator 02.|chirundu_obb_2026.pdf.pdf|||||db-unza26-csc4792-chirundu_town_council_2026_extracted.csv|21.0|count
2026|Output|Number of Special Full Council Meetings Held|16.0||ZMW|Programme 2: Local Governance; Key output: Council Meetings Held; Indicator 03.|chirundu_obb_2026.pdf.pdf|||||db-unza26-csc4792-chirundu_town_council_2026_extracted.csv|2.0|count
2026|Output|Number of Human Resource Committee Meetings held|16.0||ZMW|Programme 2: Local Governance; Key output: Human Resource Committee Meetings Held; Indicator 01.|chirundu_obb_2026.pdf.pdf|||||db-unza26-csc4792-chirundu_town_council_2026_extracted.csv|4.0|count
2026|Output|Number of Intergrity Committees Meetings held|16.0||ZMW|Programme 2: Local Governance; Key output: Intergrity Matters Held; Indicator 01.|chirundu_obb_2026.pdf.pdf|||||db-unza26-csc4792-chirundu_town_council_2026_extracted.csv|4.0|count
2026|Output|WDC formed|16.0||ZMW|Programme 2: Local Governance; Key output: WDC operationalised; Indicator 01.|chirundu_obb_2026.pdf.pdf|||||db-unza26-csc4792-chirundu_town_council_2026_extracted.csv|12.0|value
2026|Output|WDC oriented|16.0||ZMW|Programme 2: Local Governance; Key output: WDC operationalised; Indicator 02.|chirundu_obb_2026.pdf.pdf|||||db-unza26-csc4792-chirundu_town_council_2026_extracted.csv|12.0|value
2026|Output|WDC operationalised|16.0||ZMW|Programme 2: Local Governance; Key output: WDC operationalised; Indicator 03.|chirundu_obb_2026.pdf.pdf|||||db-unza26-csc4792-chirundu_town_council_2026_extracted.csv|12.0|value
2026|Output|Number of environmental education programmes conducted|18.0||ZMW|Programme 3: Integrated Development Planning; Key output: Awareness programmes on environmental protection held; Indicator 01.|chirundu_obb_2026.pdf.pdf|||||db-unza26-csc4792-chirundu_town_council_2026_extracted.csv|6.0|count
2026|Output|Number of commemorations held|18.0||ZMW|Programme 3: Integrated Development Planning; Key output: Awareness programmes on environmental protection held; Indicator 02.|chirundu_obb_2026.pdf.pdf|||||db-unza26-csc4792-chirundu_town_council_2026_extracted.csv|1.0|count
2026|Output|Number of Environmental Project Briefs for capital projects undetaken|18.0||ZMW|Programme 3: Integrated Development Planning; Key output: Environmental Project Briefs for all Capital Projects; Indicator 01.|chirundu_obb_2026.pdf.pdf|||||db-unza26-csc4792-chirundu_town_council_2026_extracted.csv|15.0|count
2026|Output|Proportion of of Environmental Impact Assessments/ Project briefs|18.0||ZMW|Programme 3: Integrated Development Planning; Key output: Environmental Project Briefs for all Capital Projects; Indicator 02.|chirundu_obb_2026.pdf.pdf|||||db-unza26-csc4792-chirundu_town_council_2026_extracted.csv|100.0|value
2026|Output|Number of environmental management committees established|18.0||ZMW|Programme 3: Integrated Development Planning; Key output: Afforestation and reforestation programmes implemented; Indicator 01.|chirundu_obb_2026.pdf.pdf|||||db-unza26-csc4792-chirundu_town_council_2026_extracted.csv|9.0|count
2026|Output|Number of trees planted|18.0||ZMW|Programme 3: Integrated Development Planning; Key output: Afforestation and reforestation programmes implemented; Indicator 02.|chirundu_obb_2026.pdf.pdf|||||db-unza26-csc4792-chirundu_town_council_2026_extracted.csv|1000.0|count
2026|Output|Number of DDCC Meetings held|18.0||ZMW|Programme 3: Integrated Development Planning; Key output: District Developments reviewed; Indicator 01.|chirundu_obb_2026.pdf.pdf|||||db-unza26-csc4792-chirundu_town_council_2026_extracted.csv|4.0|count
2026|Output|Number of PDCC Meetings attended|18.0||ZMW|Programme 3: Integrated Development Planning; Key output: District Developments reviewed; Indicator 02.|chirundu_obb_2026.pdf.pdf|||||db-unza26-csc4792-chirundu_town_council_2026_extracted.csv|4.0|count
2026|Output|Strategic plan framework developed|18.0||ZMW|Programme 3: Integrated Development Planning; Key output: Strategic plan developed; Indicator 01.|chirundu_obb_2026.pdf.pdf|||||db-unza26-csc4792-chirundu_town_council_2026_extracted.csv|1.0|value
2026|Output|Number of poster, flyers and brochures distributed|18.0||ZMW|Programme 3: Integrated Development Planning; Key output: Awareness Created; Indicator 01.|chirundu_obb_2026.pdf.pdf|||||db-unza26-csc4792-chirundu_town_council_2026_extracted.csv|5000.0|count
2026|Output|number of JIC runs conducted|18.0||ZMW|Programme 3: Integrated Development Planning; Key output: Awareness Created; Indicator 02.|chirundu_obb_2026.pdf.pdf|||||db-unza26-csc4792-chirundu_town_council_2026_extracted.csv|2.0|count
2026|Output|Number of HTCT commemorated|18.0||ZMW|Programme 3: Integrated Development Planning; Key output: Awareness Created; Indicator 03.|chirundu_obb_2026.pdf.pdf|||||db-unza26-csc4792-chirundu_town_council_2026_extracted.csv|1.0|count
2026|Output|Number of World AIDS day commemorated|18.0||ZMW|Programme 3: Integrated Development Planning; Key output: Awareness Created; Indicator 04.|chirundu_obb_2026.pdf.pdf|||||db-unza26-csc4792-chirundu_town_council_2026_extracted.csv|1.0|count
2026|Output|Number of DHAC meetings held|18.0||ZMW|Programme 3: Integrated Development Planning; Key output: DHAC reports are evaluated; Indicator 01.|chirundu_obb_2026.pdf.pdf|||||db-unza26-csc4792-chirundu_town_council_2026_extracted.csv|4.0|count
2026|Output|Number of condoms distributed|18.0||ZMW|Programme 3: Integrated Development Planning; Key output: Condoms distributed; Indicator 01.|chirundu_obb_2026.pdf.pdf|||||db-unza26-csc4792-chirundu_town_council_2026_extracted.csv|200000.0|count
2026|Output|Number of condom dispensers mounted|18.0||ZMW|Programme 3: Integrated Development Planning; Key output: Dispensers distributed; Indicator 01.|chirundu_obb_2026.pdf.pdf|||||db-unza26-csc4792-chirundu_town_council_2026_extracted.csv|100.0|count
2026|Output|Number of sensitisations done|18.0||ZMW|Programme 3: Integrated Development Planning; Key output: IDP Citizen Version sensitised; Indicator 01.|chirundu_obb_2026.pdf.pdf|||||db-unza26-csc4792-chirundu_town_council_2026_extracted.csv|1.0|count
2026|Output|Proportion of beacons replaced against requested|18.0||ZMW|Programme 3: Integrated Development Planning; Key output: Property Beacons replaced; Indicator 01.|chirundu_obb_2026.pdf.pdf|||||db-unza26-csc4792-chirundu_town_council_2026_extracted.csv|100.0|value
2026|Output|Proportion of of recommendations for title deeds forwarded to the|18.0||ZMW|Programme 3: Integrated Development Planning; Key output: Recommendations for the acquisition of title deeds submitted; Indicator 01.|chirundu_obb_2026.pdf.pdf|||||db-unza26-csc4792-chirundu_town_council_2026_extracted.csv|100.0|value
2026|Output|Number of Development control exercises conducted|18.0||ZMW|Programme 3: Integrated Development Planning; Key output: Development control conducted; Indicator 01.|chirundu_obb_2026.pdf.pdf|||||db-unza26-csc4792-chirundu_town_council_2026_extracted.csv|52.0|count
2026|Output|Number of Plots created|18.0||ZMW|Programme 3: Integrated Development Planning; Key output: Plots created; Indicator 01.|chirundu_obb_2026.pdf.pdf|||||db-unza26-csc4792-chirundu_town_council_2026_extracted.csv|20.0|count
2026|Output|Percentage increase in the production capacity of pavers and blocks|20.0||ZMW|Programme 4: Economic and Business Development; Key output: Blocks and pavers produced; Indicator 01.|chirundu_obb_2026.pdf.pdf|||||db-unza26-csc4792-chirundu_town_council_2026_extracted.csv|23.0|percent
2026|Output|Number of Truck Parks constructed|20.0||ZMW|Programme 4: Economic and Business Development; Key output: Construction of Kabanana Truck Park; Indicator 01.|chirundu_obb_2026.pdf.pdf|||||db-unza26-csc4792-chirundu_town_council_2026_extracted.csv|1.0|count
2026|Output|Percentage of Burial permits issued against applied|22.0||ZMW|Programme 5: Public Health and Environmental Protection; Key output: Cemetery services offerred; Indicator 01.|chirundu_obb_2026.pdf.pdf|||||db-unza26-csc4792-chirundu_town_council_2026_extracted.csv|100.0|percent
2026|Output|Percentage of graves marked|22.0||ZMW|Programme 5: Public Health and Environmental Protection; Key output: Cemetery services offerred; Indicator 02.|chirundu_obb_2026.pdf.pdf|||||db-unza26-csc4792-chirundu_town_council_2026_extracted.csv|100.0|percent
2026|Output|Percentage of body repartriated|22.0||ZMW|Programme 5: Public Health and Environmental Protection; Key output: Cemetery services offerred; Indicator 03.|chirundu_obb_2026.pdf.pdf|||||db-unza26-csc4792-chirundu_town_council_2026_extracted.csv|100.0|percent
2026|Output|Number of premises Inspected|22.0||ZMW|Programme 5: Public Health and Environmental Protection; Key output: Health regulations/standards Enforced; Indicator 01.|chirundu_obb_2026.pdf.pdf|||||db-unza26-csc4792-chirundu_town_council_2026_extracted.csv|600.0|count
2026|Output|Number of water quality monitoring undertaken|22.0||ZMW|Programme 5: Public Health and Environmental Protection; Key output: Health regulations/standards Enforced; Indicator 02.|chirundu_obb_2026.pdf.pdf|||||db-unza26-csc4792-chirundu_town_council_2026_extracted.csv|4.0|count
2026|Output|Number of food safety monitoring undertaken|22.0||ZMW|Programme 5: Public Health and Environmental Protection; Key output: Health regulations/standards Enforced; Indicator 03.|chirundu_obb_2026.pdf.pdf|||||db-unza26-csc4792-chirundu_town_council_2026_extracted.csv|4.0|count
2026|Output|Number of keep Chirundu clean campaigns conducted|22.0||ZMW|Programme 5: Public Health and Environmental Protection; Key output: Keep Chirundu clean, green and healthy; Indicator 02.|chirundu_obb_2026.pdf.pdf|||||db-unza26-csc4792-chirundu_town_council_2026_extracted.csv|52.0|count
2026|Output|Number of structures sprayed|22.0||ZMW|Programme 5: Public Health and Environmental Protection; Key output: Pests controlled; Indicator 01.|chirundu_obb_2026.pdf.pdf|||||db-unza26-csc4792-chirundu_town_council_2026_extracted.csv|5000.0|count
2026|Output|Tonnage of garbage collected|22.0||ZMW|Programme 5: Public Health and Environmental Protection; Key output: Solid Waste collected; Indicator 01.|chirundu_obb_2026.pdf.pdf|||||db-unza26-csc4792-chirundu_town_council_2026_extracted.csv|8000.0|value
2026|Output|Number of stakeholders meeting held|22.0||ZMW|Programme 5: Public Health and Environmental Protection; Key output: Public Health Sensitisations Conducted; Indicator 01.|chirundu_obb_2026.pdf.pdf|||||db-unza26-csc4792-chirundu_town_council_2026_extracted.csv|12.0|count
2026|Output|Number of IEC Materials distributed|22.0||ZMW|Programme 5: Public Health and Environmental Protection; Key output: Public Health Sensitisations Conducted; Indicator 02.|chirundu_obb_2026.pdf.pdf|||||db-unza26-csc4792-chirundu_town_council_2026_extracted.csv|100.0|count
2026|Output|Comemorations held|22.0||ZMW|Programme 5: Public Health and Environmental Protection; Key output: Public Health Sensitisations Conducted; Indicator 03.|chirundu_obb_2026.pdf.pdf|||||db-unza26-csc4792-chirundu_town_council_2026_extracted.csv|3.0|value
2026|Output|Number of Solar powered boreholes drilled and installed|22.0||ZMW|Programme 5: Public Health and Environmental Protection; Key output: Solar powered boreholes drilled and installed; Indicator 01.|chirundu_obb_2026.pdf.pdf|||||db-unza26-csc4792-chirundu_town_council_2026_extracted.csv|15.0|count
2026|Output|Number of Commemorations Held|22.0||ZMW|Programme 5: Public Health and Environmental Protection; Key output: Commemorations Held; Indicator 01.|chirundu_obb_2026.pdf.pdf|||||db-unza26-csc4792-chirundu_town_council_2026_extracted.csv|3.0|count
2026|Output|Number of APMs Training Monitored|22.0||ZMW|Programme 5: Public Health and Environmental Protection; Key output: APMs Training Monitored; Indicator 01.|chirundu_obb_2026.pdf.pdf|||||db-unza26-csc4792-chirundu_town_council_2026_extracted.csv|24.0|count
2026|Output|Number of Community Champions (CCs) Trained|22.0||ZMW|Programme 5: Public Health and Environmental Protection; Key output: Community Champions (CCs) Trained; Indicator 01.|chirundu_obb_2026.pdf.pdf|||||db-unza26-csc4792-chirundu_town_council_2026_extracted.csv|20.0|count
2026|Output|Number of Water Points Mapping Exercise|22.0||ZMW|Programme 5: Public Health and Environmental Protection; Key output: Water Point Mapped; Indicator 01.|chirundu_obb_2026.pdf.pdf|||||db-unza26-csc4792-chirundu_town_council_2026_extracted.csv|1.0|count
2026|Output|Kilometres of Township Roads Maintained|24.0||ZMW|Programme 6: Housing and Community Amenities; Key output: Maintenance of Local Roads; Indicator 01.|chirundu_obb_2026.pdf.pdf|||||db-unza26-csc4792-chirundu_town_council_2026_extracted.csv|10.0|value
2026|Output|Number of Public Amenities Maintained|24.0||ZMW|Programme 6: Housing and Community Amenities; Key output: Public Amenities Maintained; Indicator 03.|chirundu_obb_2026.pdf.pdf|||||db-unza26-csc4792-chirundu_town_council_2026_extracted.csv|6.0|count
2026|Output|Number of Street Lights Maintained|24.0||ZMW|Programme 6: Housing and Community Amenities; Key output: Street Lights Maintained; Indicator 01.|chirundu_obb_2026.pdf.pdf|||||db-unza26-csc4792-chirundu_town_council_2026_extracted.csv|20.0|count
2026|Output|Number of Solar powered street lights installed|24.0||ZMW|Programme 6: Housing and Community Amenities; Key output: Street Lights Maintained; Indicator 02.|chirundu_obb_2026.pdf.pdf|||||db-unza26-csc4792-chirundu_town_council_2026_extracted.csv|10.0|count
2026|Output|Number of Traditional Ceremonies supported|26.0||ZMW|Programme 7: Recreation Culture and Religion; Key output: Traditional ceremonies supported; Indicator 01.|chirundu_obb_2026.pdf.pdf|||||db-unza26-csc4792-chirundu_town_council_2026_extracted.csv|2.0|count
2026|Output|Number of Inventories of all cultural practices conducted|26.0||ZMW|Programme 7: Recreation Culture and Religion; Key output: Inventoring of all Cultural practices conducted; Indicator 01.|chirundu_obb_2026.pdf.pdf|||||db-unza26-csc4792-chirundu_town_council_2026_extracted.csv|2.0|count
2026|Output|Number of cultural and creative industries managed in the district|26.0||ZMW|Programme 7: Recreation Culture and Religion; Key output: Development of the cultural and creative industries in the district; Indicator 01.|chirundu_obb_2026.pdf.pdf|||||db-unza26-csc4792-chirundu_town_council_2026_extracted.csv|1.0|count
2026|Output|Number of monitoring and evaluation visits conducted|26.0||ZMW|Programme 7: Recreation Culture and Religion; Key output: activities in districts; Indicator 01.|chirundu_obb_2026.pdf.pdf|||||db-unza26-csc4792-chirundu_town_council_2026_extracted.csv|1.0|count
2026|Output|Number of community mobilisations conducted|26.0||ZMW|Programme 7: Recreation Culture and Religion; Key output: of cultural activities in the district; Indicator 01.|chirundu_obb_2026.pdf.pdf|||||db-unza26-csc4792-chirundu_town_council_2026_extracted.csv|1.0|count
2026|Output|Number of Sports Tournaments conducted|26.0||ZMW|Programme 7: Recreation Culture and Religion; Key output: Sports Activities promoted; Indicator 01.|chirundu_obb_2026.pdf.pdf|||||db-unza26-csc4792-chirundu_town_council_2026_extracted.csv|4.0|count
2026|Output|Number of Sports Associations registered|26.0||ZMW|Programme 7: Recreation Culture and Religion; Key output: Sports Activities promoted; Indicator 02.|chirundu_obb_2026.pdf.pdf|||||db-unza26-csc4792-chirundu_town_council_2026_extracted.csv|20.0|count
2026|Output|Number of Sports Associations affiliated|26.0||ZMW|Programme 7: Recreation Culture and Religion; Key output: Sports Activities promoted; Indicator 03.|chirundu_obb_2026.pdf.pdf|||||db-unza26-csc4792-chirundu_town_council_2026_extracted.csv|5.0|count
2026|Output|Number of Sports recreational activities conducted|26.0||ZMW|Programme 7: Recreation Culture and Religion; Key output: Sports Activities promoted; Indicator 04.|chirundu_obb_2026.pdf.pdf|||||db-unza26-csc4792-chirundu_town_council_2026_extracted.csv|2.0|count
2026|Output|Number of National Sports Policy sensitisation meetings held|26.0||ZMW|Programme 7: Recreation Culture and Religion; Key output: National Sports Policy sensitisation; Indicator 01.|chirundu_obb_2026.pdf.pdf|||||db-unza26-csc4792-chirundu_town_council_2026_extracted.csv|1.0|count
2026|Output|Percentage of District departments surveyed|28.0||ZMW|Programme 8: Education and Skills Development; Key output: District Departments surveyed; Indicator 01.|chirundu_obb_2026.pdf.pdf|||||db-unza26-csc4792-chirundu_town_council_2026_extracted.csv|100.0|percent
2026|Output|Percentage of NA17 boxes collected in a quarter|28.0||ZMW|Programme 8: Education and Skills Development; Key output: Records collected; Indicator 01.|chirundu_obb_2026.pdf.pdf|||||db-unza26-csc4792-chirundu_town_council_2026_extracted.csv|100.0|percent
2026|Output|percentage of NA17 boxes processed and shelved in a quarter|28.0||ZMW|Programme 8: Education and Skills Development; Key output: District records processed and shelved; Indicator 01.|chirundu_obb_2026.pdf.pdf|||||db-unza26-csc4792-chirundu_town_council_2026_extracted.csv|40.0|percent
2026|Output|Number of preschool inspections conducted|28.0||ZMW|Programme 8: Education and Skills Development; Key output: Preschools inspections conducted; Indicator 01.|chirundu_obb_2026.pdf.pdf|||||db-unza26-csc4792-chirundu_town_council_2026_extracted.csv|4.0|count
2026|Output|Number of enforcements carried out|30.0||ZMW|Programme 10: Public Order and Safety; Key output: Enforcements carried out; Indicator 01.|chirundu_obb_2026.pdf.pdf|||||db-unza26-csc4792-chirundu_town_council_2026_extracted.csv|12.0|count
2026|Output|Number of building regulations inspections conducted|30.0||ZMW|Programme 10: Public Order and Safety; Key output: Building regulations inspections conducted; Indicator 01.|chirundu_obb_2026.pdf.pdf|||||db-unza26-csc4792-chirundu_town_council_2026_extracted.csv|52.0|count
2026|Output|proportion of Building Plans received against submitted for approval|30.0||ZMW|Programme 10: Public Order and Safety; Key output: Building regulations inspections conducted; Indicator 02.|chirundu_obb_2026.pdf.pdf|||||db-unza26-csc4792-chirundu_town_council_2026_extracted.csv|100.0|value
2026|Output|Proportion of Twenty Five - minute response time to distress calls within a|30.0||ZMW|Programme 10: Public Order and Safety; Key output: Fire protection activities conducted; Indicator 01.|chirundu_obb_2026.pdf.pdf|||||db-unza26-csc4792-chirundu_town_council_2026_extracted.csv|100.0|value
2026|Output|"Proportion increase in adherence to Fire Regulations - - - - 85 |"|30.0||ZMW|Programme 10: Public Order and Safety; Key output: radius of 30km; Indicator 02.|chirundu_obb_2026.pdf.pdf|||||db-unza26-csc4792-chirundu_town_council_2026_extracted.csv|85.0|value
2026|Output|Percentage of principal debt liquidated|33.0||ZMW|Programme 11: Management and Support Services; Key output: Principal debt liquidated; Indicator 01.|chirundu_obb_2026.pdf.pdf|||||db-unza26-csc4792-chirundu_town_council_2026_extracted.csv|27.0|percent
2026|Output|Number of Public Engagements Conducted|33.0||ZMW|Programme 11: Management and Support Services; Key output: Public Engagements Conducted; Indicator 01.|chirundu_obb_2026.pdf.pdf|||||db-unza26-csc4792-chirundu_town_council_2026_extracted.csv|12.0|count
2026|Output|Number of Procurement plans developed|33.0||ZMW|Programme 11: Management and Support Services; Key output: Procurement Plan Developed; Indicator 01.|chirundu_obb_2026.pdf.pdf|||||db-unza26-csc4792-chirundu_town_council_2026_extracted.csv|1.0|count
2026|Output|Annual budget in place|33.0||ZMW|Programme 11: Management and Support Services; Key output: Annual budget prepared; Indicator 01.|chirundu_obb_2026.pdf.pdf|||||db-unza26-csc4792-chirundu_town_council_2026_extracted.csv|1.0|value
2026|Output|Number of financial statements prepared|33.0||ZMW|Programme 11: Management and Support Services; Key output: Financial Statements prepared; Indicator 01.|chirundu_obb_2026.pdf.pdf|||||db-unza26-csc4792-chirundu_town_council_2026_extracted.csv|2.0|count
2026|Output|Number of court cases arbitrated|33.0||ZMW|Programme 11: Management and Support Services; Key output: Legal Matters resolved; Indicator 01.|chirundu_obb_2026.pdf.pdf|||||db-unza26-csc4792-chirundu_town_council_2026_extracted.csv|4.0|count
2026|Output|Percentage of local revenue increased|35.0||ZMW|Programme 12: Resource Mobilisation and Management; Key output: Revenue increased; Indicator 01.|chirundu_obb_2026.pdf.pdf|||||db-unza26-csc4792-chirundu_town_council_2026_extracted.csv|5.0|percent
2026|Output|Percentage of deliveries assisted with skilled personnel out of institutional|37.0||ZMW|Programme 13: District Health servcies; Key output: Health Centre Clinical Care services provided; Indicator 01.|chirundu_obb_2026.pdf.pdf|||||db-unza26-csc4792-chirundu_town_council_2026_extracted.csv|90.0|percent
2026|Output|Percentage of HIV postive clients receiving ART with suppreessed viral load|37.0||ZMW|Programme 13: District Health servcies; Key output: deliveries; Indicator 03.|chirundu_obb_2026.pdf.pdf|||||db-unza26-csc4792-chirundu_town_council_2026_extracted.csv|98.0|percent
2026|Output|TB case notification per 100,000 population|37.0||ZMW|Programme 13: District Health servcies; Key output: deliveries; Indicator 04.|chirundu_obb_2026.pdf.pdf|||||db-unza26-csc4792-chirundu_town_council_2026_extracted.csv|288.0|value
2026|Output|Institutional deliveries coverage|37.0||ZMW|Programme 13: District Health servcies; Key output: deliveries; Indicator 05.|chirundu_obb_2026.pdf.pdf|||||db-unza26-csc4792-chirundu_town_council_2026_extracted.csv|90.0|value
2026|Output|Percentage of People living with HIV who know their status and are clients|37.0||ZMW|Programme 13: District Health servcies; Key output: deliveries; Indicator 06.|chirundu_obb_2026.pdf.pdf|||||db-unza26-csc4792-chirundu_town_council_2026_extracted.csv|100.0|percent
2026|Output|Fully imminized 1 of under one children coverage|37.0||ZMW|Programme 13: District Health servcies; Key output: Outreach health services provided; Indicator 01.|chirundu_obb_2026.pdf.pdf|||||db-unza26-csc4792-chirundu_town_council_2026_extracted.csv|90.0|value
2026|Output|Percentage of Pregnant women attending ANC in the first Trimester|37.0||ZMW|Programme 13: District Health servcies; Key output: Outreach health services provided; Indicator 02.|chirundu_obb_2026.pdf.pdf|||||db-unza26-csc4792-chirundu_town_council_2026_extracted.csv|40.0|percent
2026|Output|Percentage of teenage pregnancies|37.0||ZMW|Programme 13: District Health servcies; Key output: Outreach health services provided; Indicator 03.|chirundu_obb_2026.pdf.pdf|||||db-unza26-csc4792-chirundu_town_council_2026_extracted.csv|18.0|percent
2026|Output|Percentage of households with atleast ITN|37.0||ZMW|Programme 13: District Health servcies; Key output: Community and Family Health services provided; Indicator 01.|chirundu_obb_2026.pdf.pdf|||||db-unza26-csc4792-chirundu_town_council_2026_extracted.csv|100.0|percent
2026|Output|Malaria Incidence per 1000 population|37.0||ZMW|Programme 13: District Health servcies; Key output: Community and Family Health services provided; Indicator 02.|chirundu_obb_2026.pdf.pdf|||||db-unza26-csc4792-chirundu_town_council_2026_extracted.csv|15.0|value
2026|Output|Percentage of health facilities provided with technical support and|37.0||ZMW|Programme 13: District Health servcies; Key output: Administrative and utility services provided; Indicator 01.|chirundu_obb_2026.pdf.pdf|||||db-unza26-csc4792-chirundu_town_council_2026_extracted.csv|100.0|percent
2026|Output|"Percentage of months adminstrative and utilities services provided 100 - 100 60 100 |"|37.0||ZMW|Programme 13: District Health servcies; Key output: supervision; Indicator 02.|chirundu_obb_2026.pdf.pdf|||||db-unza26-csc4792-chirundu_town_council_2026_extracted.csv|100.0|percent
2026|Output|Metres of roads paved|39.0||ZMW|Programme 15: Transport Services; Key output: Feeder roads constructed; Indicator 01.|chirundu_obb_2026.pdf.pdf|||||db-unza26-csc4792-chirundu_town_council_2026_extracted.csv|500.0|value
2026|Output|Number of Water vessels registered|39.0||ZMW|Programme 15: Transport Services; Key output: Water vessels registered; Indicator 01.|chirundu_obb_2026.pdf.pdf|||||db-unza26-csc4792-chirundu_town_council_2026_extracted.csv|10.0|count
2026|Output|Number of water vessels surveyed|39.0||ZMW|Programme 15: Transport Services; Key output: Water vessels surveyed; Indicator 01.|chirundu_obb_2026.pdf.pdf|||||db-unza26-csc4792-chirundu_town_council_2026_extracted.csv|25.0|count
2026|Output|Number of Boat Crew certified|39.0||ZMW|Programme 15: Transport Services; Key output: Boat Crew certified; Indicator 01.|chirundu_obb_2026.pdf.pdf|||||db-unza26-csc4792-chirundu_town_council_2026_extracted.csv|5.0|count
2026|Output|Number of stranded persons repatriated|48.0||ZMW|Programme 18: Social Protection and Community Development; Key output: Incapicitated Household assisted with in kind support; Indicator 01.|chirundu_obb_2026.pdf.pdf|||||db-unza26-csc4792-chirundu_town_council_2026_extracted.csv|12.0|count
2026|Output|Number of Arson victims assisted with assorted household items|48.0||ZMW|Programme 18: Social Protection and Community Development; Key output: Incapicitated Household assisted with in kind support; Indicator 02.|chirundu_obb_2026.pdf.pdf|||||db-unza26-csc4792-chirundu_town_council_2026_extracted.csv|5.0|count
2026|Output|Number of infants assisted with formula|48.0||ZMW|Programme 18: Social Protection and Community Development; Key output: Incapicitated Household assisted with in kind support; Indicator 03.|chirundu_obb_2026.pdf.pdf|||||db-unza26-csc4792-chirundu_town_council_2026_extracted.csv|16.0|count
2026|Output|Number of patients assisted with health supplies|48.0||ZMW|Programme 18: Social Protection and Community Development; Key output: Incapicitated Household assisted with in kind support; Indicator 04.|chirundu_obb_2026.pdf.pdf|||||db-unza26-csc4792-chirundu_town_council_2026_extracted.csv|12.0|count
2026|Output|Number of GBV survivors supported|48.0||ZMW|Programme 18: Social Protection and Community Development; Key output: Welfare and Counselling services provided; Indicator 01.|chirundu_obb_2026.pdf.pdf|||||db-unza26-csc4792-chirundu_town_council_2026_extracted.csv|4.0|count
2026|Output|Number of human trafficked victims assisted|48.0||ZMW|Programme 18: Social Protection and Community Development; Key output: Welfare and Counselling services provided; Indicator 02.|chirundu_obb_2026.pdf.pdf|||||db-unza26-csc4792-chirundu_town_council_2026_extracted.csv|2.0|count
2026|Output|Number of Familes receiving welfare and counselling services-Marriage|48.0||ZMW|Programme 18: Social Protection and Community Development; Key output: Welfare and Counselling services provided; Indicator 03.|chirundu_obb_2026.pdf.pdf|||||db-unza26-csc4792-chirundu_town_council_2026_extracted.csv|2.0|count
2026|Output|Number of Old persons supported|48.0||ZMW|Programme 18: Social Protection and Community Development; Key output: Care for Older persons; Indicator 01.|chirundu_obb_2026.pdf.pdf|||||db-unza26-csc4792-chirundu_town_council_2026_extracted.csv|45.0|count
2026|Output|Proportion of Cash for Work disbursed|48.0||ZMW|Programme 18: Social Protection and Community Development; Key output: Cash for Work Initiative implemented; Indicator 01.|chirundu_obb_2026.pdf.pdf|||||db-unza26-csc4792-chirundu_town_council_2026_extracted.csv|100.0|value
2026|Output|Number of beneficiaries receiving Cash For Work|48.0||ZMW|Programme 18: Social Protection and Community Development; Key output: Cash for Work Initiative implemented; Indicator 02.|chirundu_obb_2026.pdf.pdf|||||db-unza26-csc4792-chirundu_town_council_2026_extracted.csv|3886.0|count
2026|Output|Number of Adult Literacy Awareness and Sensitisation Meetings held|48.0||ZMW|Programme 18: Social Protection and Community Development; Key output: Adult Literacy capacity building conducted; Indicator 01.|chirundu_obb_2026.pdf.pdf|||||db-unza26-csc4792-chirundu_town_council_2026_extracted.csv|12.0|count
2026|Output|Number of Students Trained|48.0||ZMW|Programme 18: Social Protection and Community Development; Key output: Students trained in various TEVETA; Indicator 01.|chirundu_obb_2026.pdf.pdf|||||db-unza26-csc4792-chirundu_town_council_2026_extracted.csv|180.0|count
2026|Output|Number of Students recruited|48.0||ZMW|Programme 18: Social Protection and Community Development; Key output: Students trained in various TEVETA; Indicator 02.|chirundu_obb_2026.pdf.pdf|||||db-unza26-csc4792-chirundu_town_council_2026_extracted.csv|180.0|count
2026|Output|Percentage of Students graduating against recruited|48.0||ZMW|Programme 18: Social Protection and Community Development; Key output: Students trained in various TEVETA; Indicator 03.|chirundu_obb_2026.pdf.pdf|||||db-unza26-csc4792-chirundu_town_council_2026_extracted.csv|100.0|percent
2026|Output|Number of Radio Sensitizations conducted|48.0||ZMW|Programme 18: Social Protection and Community Development; Key output: Commemoration of 16 Days of Gender Activism; Indicator 01.|chirundu_obb_2026.pdf.pdf|||||db-unza26-csc4792-chirundu_town_council_2026_extracted.csv|4.0|count
2026|Output|Number of Ward Sentisations|48.0||ZMW|Programme 18: Social Protection and Community Development; Key output: Commemoration of 16 Days of Gender Activism; Indicator 02.|chirundu_obb_2026.pdf.pdf|||||db-unza26-csc4792-chirundu_town_council_2026_extracted.csv|12.0|count
2026|Output|Number of Pre School Inspections conducted|48.0||ZMW|Programme 18: Social Protection and Community Development; Key output: Pre school Inspections; Indicator 01.|chirundu_obb_2026.pdf.pdf|||||db-unza26-csc4792-chirundu_town_council_2026_extracted.csv|24.0|count
2026|Output|Percentage of Cash for Work Funds disbursed against budgeted|48.0||ZMW|Programme 18: Social Protection and Community Development; Key output: Cash for Work disbursed; Indicator 01.|chirundu_obb_2026.pdf.pdf|||||db-unza26-csc4792-chirundu_town_council_2026_extracted.csv|100.0|percent
2026|Output|Number of technologies disseminated|41.0||ZMW|Programme 16: Agricultural Services; Key output: Crop Production Technologies disseminated.|chirundu_obb_2026.pdf.pdf|||||db-unza26-csc4792-chirundu_town_council_2026_extracted.csv|15.0|count
2026|Output|Number of farmers trained climate smart agriculture|41.0||ZMW|Programme 16: Agricultural Services; Key output: Farmers trained in Climate Smart Agriculture.|chirundu_obb_2026.pdf.pdf|||||db-unza26-csc4792-chirundu_town_council_2026_extracted.csv|6500.0|count
2026|Output|Number of field officers trained in irrigation technologies|41.0||ZMW|Programme 16: Agricultural Services; Key output: Farmers trained in Climate Smart Agriculture.|chirundu_obb_2026.pdf.pdf|||||db-unza26-csc4792-chirundu_town_council_2026_extracted.csv|16.0|count
2026|Output|Number of demonstration plots established|41.0||ZMW|Programme 16: Agricultural Services; Key output: Demonstration plots established.|chirundu_obb_2026.pdf.pdf|||||db-unza26-csc4792-chirundu_town_council_2026_extracted.csv|13.0|count
2026|Output|Number of Farmer Field Schools established|41.0||ZMW|Programme 16: Agricultural Services; Key output: Farmer Field Schools established.|chirundu_obb_2026.pdf.pdf|||||db-unza26-csc4792-chirundu_town_council_2026_extracted.csv|26.0|count
2026|Output|Number of field officers trained in nutrition|41.0||ZMW|Programme 16: Agricultural Services; Key output: Farmer Field Schools established.|chirundu_obb_2026.pdf.pdf|||||db-unza26-csc4792-chirundu_town_council_2026_extracted.csv|16.0|count
2026|Output|Number of crop monitoring reports|41.0||ZMW|Programme 16: Agricultural Services; Key output: Crop monitoring undertaken.|chirundu_obb_2026.pdf.pdf|||||db-unza26-csc4792-chirundu_town_council_2026_extracted.csv|24.0|count
2026|Output|Number of field days conducted|41.0||ZMW|Programme 16: Agricultural Services; Key output: Field days conducted. Target verified from source budget PDF.|chirundu_obb_2026.pdf.pdf|||||db-unza26-csc4792-chirundu_town_council_2026_extracted.csv|6.0|count
2026|Output|Number of field officers trained in good farm management|41.0||ZMW|Programme 16: Agricultural Services; Key output: Field days conducted.|chirundu_obb_2026.pdf.pdf|||||db-unza26-csc4792-chirundu_town_council_2026_extracted.csv|16.0|count
2026|Output|Number of irrigation technologies promoted|41.0||ZMW|Programme 16: Agricultural Services; Key output: Land under irrigation expanded. Target verified from source budget PDF.|chirundu_obb_2026.pdf.pdf|||||db-unza26-csc4792-chirundu_town_council_2026_extracted.csv|5.0|count
2026|Output|Number of Farmers trained in irrigation|41.0||ZMW|Programme 16: Agricultural Services; Key output: Land under irrigation expanded.|chirundu_obb_2026.pdf.pdf|||||db-unza26-csc4792-chirundu_town_council_2026_extracted.csv|500.0|count
2026|Output|Number of farmers adopting irrigation|41.0||ZMW|Programme 16: Agricultural Services; Key output: Land under irrigation expanded.|chirundu_obb_2026.pdf.pdf|||||db-unza26-csc4792-chirundu_town_council_2026_extracted.csv|300.0|count
2026|Output|Hectares brought under irrigation|41.0||ZMW|Programme 16: Agricultural Services; Key output: Land under irrigation expanded.|chirundu_obb_2026.pdf.pdf|||||db-unza26-csc4792-chirundu_town_council_2026_extracted.csv|200.0|count
2026|Output|Number of farmers adopting sustainable practices|41.0||ZMW|Programme 16: Agricultural Services; Key output: Sustainable land management and land use planning promoted.|chirundu_obb_2026.pdf.pdf|||||db-unza26-csc4792-chirundu_town_council_2026_extracted.csv|200.0|count
2026|Output|Hectares under sustainable agriculture|41.0||ZMW|Programme 16: Agricultural Services; Key output: Sustainable land management and land use planning promoted.|chirundu_obb_2026.pdf.pdf|||||db-unza26-csc4792-chirundu_town_council_2026_extracted.csv|50.0|count
2026|Output|Number land use plan developed|41.0||ZMW|Programme 16: Agricultural Services; Key output: Sustainable land management and land use planning promoted. Target verified from source budget PDF.|chirundu_obb_2026.pdf.pdf|||||db-unza26-csc4792-chirundu_town_council_2026_extracted.csv|5.0|count
2026|Output|Number of mechanization service centres established|41.0||ZMW|Programme 16: Agricultural Services; Key output: Farm power and mechanization services promoted. Target verified from source budget PDF.|chirundu_obb_2026.pdf.pdf|||||db-unza26-csc4792-chirundu_town_council_2026_extracted.csv|1.0|count
2026|Output|Number of farmers trained in the use of mechanization|41.0||ZMW|Programme 16: Agricultural Services; Key output: Farm power and mechanization services promoted.|chirundu_obb_2026.pdf.pdf|||||db-unza26-csc4792-chirundu_town_council_2026_extracted.csv|1600.0|count
2026|Output|Number of farmers accessing mechanisation services|41.0||ZMW|Programme 16: Agricultural Services; Key output: Farm power and mechanization services promoted.|chirundu_obb_2026.pdf.pdf|||||db-unza26-csc4792-chirundu_town_council_2026_extracted.csv|900.0|count
2026|Output|Number of nutrition centres of excellence established|41.0||ZMW|Programme 16: Agricultural Services; Key output: Nutrient dense crop production promoted. Target verified from source budget PDF.|chirundu_obb_2026.pdf.pdf|||||db-unza26-csc4792-chirundu_town_council_2026_extracted.csv|2.0|count
2026|Output|Number of farmers trained in food and nutrition|41.0||ZMW|Programme 16: Agricultural Services; Key output: Processing and consumption of nutritious foods promoted.|chirundu_obb_2026.pdf.pdf|||||db-unza26-csc4792-chirundu_town_council_2026_extracted.csv|390.0|count
2026|Output|Number of agriculture news and literature produced|41.0||ZMW|Programme 16: Agricultural Services; Key output: Agriculture information produced and disseminated.|chirundu_obb_2026.pdf.pdf|||||db-unza26-csc4792-chirundu_town_council_2026_extracted.csv|12.0|count
2026|Output|Number of agriculture publications produced|41.0||ZMW|Programme 16: Agricultural Services; Key output: Agriculture information produced and disseminated.|chirundu_obb_2026.pdf.pdf|||||db-unza26-csc4792-chirundu_town_council_2026_extracted.csv|30.0|count
2026|Output|Number of agriculture shows organised and exhibited|41.0||ZMW|Programme 16: Agricultural Services; Key output: Agriculture shows organised and exhibited. Target verified from source budget PDF.|chirundu_obb_2026.pdf.pdf|||||db-unza26-csc4792-chirundu_town_council_2026_extracted.csv|6.0|count
2026|Output|Number of entrepreneurship training conducted|41.0||ZMW|Programme 16: Agricultural Services; Key output: Agricultural entrepreneurship trainings. Target verified from source budget PDF.|chirundu_obb_2026.pdf.pdf|||||db-unza26-csc4792-chirundu_town_council_2026_extracted.csv|4.0|count
2026|Output|Number of commodity market bulletin disseminated|41.0||ZMW|Programme 16: Agricultural Services; Key output: Agricultural entrepreneurship trainings.|chirundu_obb_2026.pdf.pdf|||||db-unza26-csc4792-chirundu_town_council_2026_extracted.csv|52.0|count
2026|Output|Number of import and export permits facilitated|41.0||ZMW|Programme 16: Agricultural Services; Key output: Domestic Trade facilitated.|chirundu_obb_2026.pdf.pdf|||||db-unza26-csc4792-chirundu_town_council_2026_extracted.csv|2000.0|count
2026|Output|Number of trade data base established|41.0||ZMW|Programme 16: Agricultural Services; Key output: Domestic Trade facilitated. Target verified from source budget PDF.|chirundu_obb_2026.pdf.pdf|||||db-unza26-csc4792-chirundu_town_council_2026_extracted.csv|1.0|count
2026|Output|Number of market linkages established|41.0||ZMW|Programme 16: Agricultural Services; Key output: Domestic Trade facilitated.|chirundu_obb_2026.pdf.pdf|||||db-unza26-csc4792-chirundu_town_council_2026_extracted.csv|10.0|count
2026|Output|Number of inspections conducted|41.0||ZMW|Programme 16: Agricultural Services; Key output: Domestic Trade facilitated.|chirundu_obb_2026.pdf.pdf|||||db-unza26-csc4792-chirundu_town_council_2026_extracted.csv|1000.0|count
2026|Output|Number of Weekly Market reports|41.0||ZMW|Programme 16: Agricultural Services; Key output: Market information on crop products and agriculture inputs.|chirundu_obb_2026.pdf.pdf|||||db-unza26-csc4792-chirundu_town_council_2026_extracted.csv|48.0|count
2026|Output|Number of market research reports|41.0||ZMW|Programme 16: Agricultural Services; Key output: Market Research on crop products and inputs. Target verified from source budget PDF.|chirundu_obb_2026.pdf.pdf|||||db-unza26-csc4792-chirundu_town_council_2026_extracted.csv|4.0|count
2026|Output|Number of agricultural trade inspections conducted|41.0||ZMW|Programme 16: Agricultural Services; Key output: Market Research on crop products and inputs.|chirundu_obb_2026.pdf.pdf|||||db-unza26-csc4792-chirundu_town_council_2026_extracted.csv|500.0|count
2026|Output|Number of farmers accessing agriculture credit|41.0||ZMW|Programme 16: Agricultural Services; Key output: Access to agriculture credit improved.|chirundu_obb_2026.pdf.pdf|||||db-unza26-csc4792-chirundu_town_council_2026_extracted.csv|500.0|count
2026|Output|Number of times administrative and other support services provided|41.0||ZMW|Programme 16: Agricultural Services; Key output: Administrative and support services provided.|chirundu_obb_2026.pdf.pdf|||||db-unza26-csc4792-chirundu_town_council_2026_extracted.csv|12.0|count
2026|Output|Number of vehicles insured, serviced and repaired|41.0||ZMW|Programme 16: Agricultural Services; Key output: Administrative and support services provided.|chirundu_obb_2026.pdf.pdf|||||db-unza26-csc4792-chirundu_town_council_2026_extracted.csv|17.0|count
2026|Output|Number of Monitoring and evaluation visits conducted|41.0||ZMW|Programme 16: Agricultural Services; Key output: Monitoring and evaluation visits conducted.|chirundu_obb_2026.pdf.pdf|||||db-unza26-csc4792-chirundu_town_council_2026_extracted.csv|12.0|count
2026|Output|Number of Departmental planning and review meetings held|41.0||ZMW|Programme 16: Agricultural Services; Key output: Planning and Review meetings conducted.|chirundu_obb_2026.pdf.pdf|||||db-unza26-csc4792-chirundu_town_council_2026_extracted.csv|12.0|count
2026|Output|Number of Agricultural public functions attended|41.0||ZMW|Programme 16: Agricultural Services; Key output: Planning and Review meetings conducted. Target verified from source budget PDF.|chirundu_obb_2026.pdf.pdf|||||db-unza26-csc4792-chirundu_town_council_2026_extracted.csv|7.0|count
2026|Output|Number of quarterly and annual reports generated and submitted|41.0||ZMW|Programme 16: Agricultural Services; Key output: Planning and Review meetings conducted. Target verified from source budget PDF.|chirundu_obb_2026.pdf.pdf|||||db-unza26-csc4792-chirundu_town_council_2026_extracted.csv|8.0|count
2026|Output|Number of Planning and review meetings held|41.0||ZMW|Programme 16: Agricultural Services; Key output: Planning and review meetings conducted.|chirundu_obb_2026.pdf.pdf|||||db-unza26-csc4792-chirundu_town_council_2026_extracted.csv|12.0|count
2026|Output|Number of public events attended|41.0||ZMW|Programme 16: Agricultural Services; Key output: Planning and review meetings conducted. Target verified from source budget PDF.|chirundu_obb_2026.pdf.pdf|||||db-unza26-csc4792-chirundu_town_council_2026_extracted.csv|12.0|count
2026|Output|Number of farmers trained in entrepreneurship and linked to the markets|44.0||ZMW|Programme 17: Fisheries and Livestock; Key output: Participation in Fisheries and Livestock marketing improved.|chirundu_obb_2026.pdf.pdf|||||db-unza26-csc4792-chirundu_town_council_2026_extracted.csv|2500.0|count
2026|Output|Number of farmers and traders issued with control of goods permits|44.0||ZMW|Programme 17: Fisheries and Livestock; Key output: Participation in Fisheries and Livestock marketing improved.|chirundu_obb_2026.pdf.pdf|||||db-unza26-csc4792-chirundu_town_council_2026_extracted.csv|2000.0|count
2026|Output|Number of Market days conducted|44.0||ZMW|Programme 17: Fisheries and Livestock; Key output: Participation in Fisheries and Livestock marketing improved.|chirundu_obb_2026.pdf.pdf|||||db-unza26-csc4792-chirundu_town_council_2026_extracted.csv|12.0|count
2026|Output|Number of trainings on nutrition conducted|44.0||ZMW|Programme 17: Fisheries and Livestock; Key output: Participation in Fisheries and Livestock marketing improved.|chirundu_obb_2026.pdf.pdf|||||db-unza26-csc4792-chirundu_town_council_2026_extracted.csv|12.0|count
2026|Output|Number of market price surveillance|44.0||ZMW|Programme 17: Fisheries and Livestock; Key output: Participation in Fisheries and Livestock marketing improved.|chirundu_obb_2026.pdf.pdf|||||db-unza26-csc4792-chirundu_town_council_2026_extracted.csv|12.0|count
2026|Output|Number of extension visits conducted|44.0||ZMW|Programme 17: Fisheries and Livestock; Key output: Extension visits conducted.|chirundu_obb_2026.pdf.pdf|||||db-unza26-csc4792-chirundu_town_council_2026_extracted.csv|144.0|count
2026|Output|Number of farmers trained in Livestock disease management|44.0||ZMW|Programme 17: Fisheries and Livestock; Key output: Livestock disease management conducted.|chirundu_obb_2026.pdf.pdf|||||db-unza26-csc4792-chirundu_town_council_2026_extracted.csv|2500.0|count
2026|Output|Number of Dogs vaccinated against rabies|44.0||ZMW|Programme 17: Fisheries and Livestock; Key output: Rabies vaccination conducted.|chirundu_obb_2026.pdf.pdf|||||db-unza26-csc4792-chirundu_town_council_2026_extracted.csv|12000.0|count
2026|Output|Number of surveillances conducted|44.0||ZMW|Programme 17: Fisheries and Livestock; Key output: Surveillance of diseases of national importance conducted.|chirundu_obb_2026.pdf.pdf|||||db-unza26-csc4792-chirundu_town_council_2026_extracted.csv|240.0|count
2026|Output|Number of monitoring and supervision activities conducted|44.0||ZMW|Programme 17: Fisheries and Livestock; Key output: Monitoring and evaluation.|chirundu_obb_2026.pdf.pdf|||||db-unza26-csc4792-chirundu_town_council_2026_extracted.csv|60.0|count
2026|Output|Number of antimortem inspections conducted|44.0||ZMW|Programme 17: Fisheries and Livestock; Key output: Antimortem inspection.|chirundu_obb_2026.pdf.pdf|||||db-unza26-csc4792-chirundu_town_council_2026_extracted.csv|100.0|count
2026|Output|Number of regulation and enforcement activities conducted|44.0||ZMW|Programme 17: Fisheries and Livestock; Key output: Regulation and enforcement.|chirundu_obb_2026.pdf.pdf|||||db-unza26-csc4792-chirundu_town_council_2026_extracted.csv|360.0|count
2026|Output|Number of fishers trained in sustainable fishing and processing|44.0||ZMW|Programme 17: Fisheries and Livestock; Key output: Capture fisheries production and productivity improved.|chirundu_obb_2026.pdf.pdf|||||db-unza26-csc4792-chirundu_town_council_2026_extracted.csv|500.0|count
2026|Output|Number of patrols conducted|44.0||ZMW|Programme 17: Fisheries and Livestock; Key output: Capture fisheries production and productivity improved.|chirundu_obb_2026.pdf.pdf|||||db-unza26-csc4792-chirundu_town_council_2026_extracted.csv|72.0|count
2026|Output|Number of co-management structures created|44.0||ZMW|Programme 17: Fisheries and Livestock; Key output: Capture fisheries production and productivity improved.|chirundu_obb_2026.pdf.pdf|||||db-unza26-csc4792-chirundu_town_council_2026_extracted.csv|500.0|count
2026|Output|Number fishers registered and licensed|44.0||ZMW|Programme 17: Fisheries and Livestock; Key output: Capture fisheries production and productivity improved.|chirundu_obb_2026.pdf.pdf|||||db-unza26-csc4792-chirundu_town_council_2026_extracted.csv|500.0|count
2026|Output|Number of fishers sensitised in good fishing methods|44.0||ZMW|Programme 17: Fisheries and Livestock; Key output: Aquaculture extension and advisory services provided.|chirundu_obb_2026.pdf.pdf|||||db-unza26-csc4792-chirundu_town_council_2026_extracted.csv|500.0|count
2026|Output|Number of farmers trained in Aquaculture practices|44.0||ZMW|Programme 17: Fisheries and Livestock; Key output: Aquaculture extension and advisory services provided.|chirundu_obb_2026.pdf.pdf|||||db-unza26-csc4792-chirundu_town_council_2026_extracted.csv|600.0|count
2026|Output|Number of fish farmer exchange visits conducted|44.0||ZMW|Programme 17: Fisheries and Livestock; Key output: Aquaculture extension and advisory services provided. Target verified from source budget PDF.|chirundu_obb_2026.pdf.pdf|||||db-unza26-csc4792-chirundu_town_council_2026_extracted.csv|4.0|count
2026|Output|Number of dams stocked with fingerlings|44.0||ZMW|Programme 17: Fisheries and Livestock; Key output: Aquaculture extension and advisory services provided.|chirundu_obb_2026.pdf.pdf|||||db-unza26-csc4792-chirundu_town_council_2026_extracted.csv|3.0|count
2026|Output|Number of livestock farmers receiving extension services|44.0||ZMW|Programme 17: Fisheries and Livestock; Key output: Livestock Production and Productivity improved.|chirundu_obb_2026.pdf.pdf|||||db-unza26-csc4792-chirundu_town_council_2026_extracted.csv|10000.0|count
2026|Output|Number of livestock field days conducted|44.0||ZMW|Programme 17: Fisheries and Livestock; Key output: Livestock Production and Productivity improved.|chirundu_obb_2026.pdf.pdf|||||db-unza26-csc4792-chirundu_town_council_2026_extracted.csv|12.0|count
2026|Output|Number of farmers to receive climate smart livestock technologies and practices|44.0||ZMW|Programme 17: Fisheries and Livestock; Key output: Livestock Production and Productivity improved.|chirundu_obb_2026.pdf.pdf|||||db-unza26-csc4792-chirundu_town_council_2026_extracted.csv|24.0|count
2026|Output|Number of exchange visits conducted|44.0||ZMW|Programme 17: Fisheries and Livestock; Key output: Livestock Production and Productivity improved. Target verified from source budget PDF.|chirundu_obb_2026.pdf.pdf|||||db-unza26-csc4792-chirundu_town_council_2026_extracted.csv|3.0|count
2026|Output|Number of farm visits to livestock farmers conducted|44.0||ZMW|Programme 17: Fisheries and Livestock; Key output: Livestock Production and Productivity improved. Target verified from source budget PDF.|chirundu_obb_2026.pdf.pdf|||||db-unza26-csc4792-chirundu_town_council_2026_extracted.csv|6.0|count
2026|Output|Number of rangeland mapped|44.0||ZMW|Programme 17: Fisheries and Livestock; Key output: Livestock Production and Productivity improved.|chirundu_obb_2026.pdf.pdf|||||db-unza26-csc4792-chirundu_town_council_2026_extracted.csv|3.0|count
2026|Output|Smallholder farmers supported in pasture seed|44.0||ZMW|Programme 17: Fisheries and Livestock; Key output: Livestock Production and Productivity improved.|chirundu_obb_2026.pdf.pdf|||||db-unza26-csc4792-chirundu_town_council_2026_extracted.csv|120.0|count
2026|Output|Number of Smallholder farmers supported in pasture seed|44.0||ZMW|Programme 17: Fisheries and Livestock; Key output: Pasture and rangeland management improved.|chirundu_obb_2026.pdf.pdf|||||db-unza26-csc4792-chirundu_town_council_2026_extracted.csv|80.0|count
2026|Output|Number of Farmers trained in utilization of pasture|44.0||ZMW|Programme 17: Fisheries and Livestock; Key output: Pasture and rangeland management improved.|chirundu_obb_2026.pdf.pdf|||||db-unza26-csc4792-chirundu_town_council_2026_extracted.csv|1000.0|count
2026|Output|Number of stakeholder engagements in feed additives|44.0||ZMW|Programme 17: Fisheries and Livestock; Key output: Pasture and rangeland management improved.|chirundu_obb_2026.pdf.pdf|||||db-unza26-csc4792-chirundu_town_council_2026_extracted.csv|3.0|count
2026|Output|Number of rangeland committees formed|44.0||ZMW|Programme 17: Fisheries and Livestock; Key output: Pasture and rangeland management improved.|chirundu_obb_2026.pdf.pdf|||||db-unza26-csc4792-chirundu_town_council_2026_extracted.csv|3.0|count
2026|Output|Number of hectares brought under rangeland|44.0||ZMW|Programme 17: Fisheries and Livestock; Key output: Pasture and rangeland management improved.|chirundu_obb_2026.pdf.pdf|||||db-unza26-csc4792-chirundu_town_council_2026_extracted.csv|150000.0|count
2026|Output|Number of rangeland rehabilitated|44.0||ZMW|Programme 17: Fisheries and Livestock; Key output: Pasture and rangeland management improved.|chirundu_obb_2026.pdf.pdf|||||db-unza26-csc4792-chirundu_town_council_2026_extracted.csv|1.0|count
2026|Output|Number of backstopping, supervision activities conducted|44.0||ZMW|Programme 17: Fisheries and Livestock; Key output: Back stopping and supervision of camps conducted.|chirundu_obb_2026.pdf.pdf|||||db-unza26-csc4792-chirundu_town_council_2026_extracted.csv|48.0|count
2026|Output|Number of Government functions, events and meetings attended|44.0||ZMW|Programme 17: Fisheries and Livestock; Key output: Back stopping and supervision of camps conducted.|chirundu_obb_2026.pdf.pdf|||||db-unza26-csc4792-chirundu_town_council_2026_extracted.csv|60.0|count
2026|Output|Number of administration support provided|44.0||ZMW|Programme 17: Fisheries and Livestock; Key output: Management and support services provided.|chirundu_obb_2026.pdf.pdf|||||db-unza26-csc4792-chirundu_town_council_2026_extracted.csv|12.0|count
2026|Output|Number of staff returns and Financial reports done|44.0||ZMW|Programme 17: Fisheries and Livestock; Key output: Management and support services provided.|chirundu_obb_2026.pdf.pdf|||||db-unza26-csc4792-chirundu_town_council_2026_extracted.csv|12.0|count
2026|Output|Number of shows attended|44.0||ZMW|Programme 17: Fisheries and Livestock; Key output: Management and support services provided.|chirundu_obb_2026.pdf.pdf|||||db-unza26-csc4792-chirundu_town_council_2026_extracted.csv|12.0|count
2026|Output|Number of personal emoluments paid|44.0||ZMW|Programme 17: Fisheries and Livestock; Key output: Management and support services provided. Target verified from source budget PDF.|chirundu_obb_2026.pdf.pdf|||||db-unza26-csc4792-chirundu_town_council_2026_extracted.csv|12.0|count
2026|Output|Number of Utility bills and rentals paid|44.0||ZMW|Programme 17: Fisheries and Livestock; Key output: Management and support services provided.|chirundu_obb_2026.pdf.pdf|||||db-unza26-csc4792-chirundu_town_council_2026_extracted.csv|12.0|count
